경매시간,품목(품종),규격(전체),경락가,거래량
07/15 12:55:27,느타리버섯(애느타리),1kg,3250,70
07/15 12:55:27,느타리버섯(애느타리),1kg,3250,20
07/15 12:55:27,느타리버섯(애느타리),1kg,3250,10
07/15 12:55:27,느타리버섯(애느타리),1kg,3250,5
07/15 12:55:27,느타리버섯(애느타리),1kg,3250,5
07/15 12:55:27,느타리버섯(애느타리),1kg,3250,40
07/15 12:55:27,느타리버섯(애느타리),1kg,3250,10
07/15 12:55:27,느타리버섯(애느타리),1kg,3250,10
07/15 12:55:27,느타리버섯(애느타리),1kg,3250,5
07/15 12:55:27,느타리버섯(애느타리),1kg,3250,10
07/15 12:55:27,느타리버섯(애느타리),1kg,3250,5
07/15 12:55:27,느타리버섯(애느타리),1kg,3250,10
07/15 12:55:27,느타리버섯(애느타리),1kg,3250,30
07/15 12:52:06,느타리버섯(기타느타리버섯),1kg,500,25
07/15 12:51:41,느타리버섯(기타느타리버섯),1kg,1400,60
07/15 12:33:34,느타리버섯(기타느타리버섯),1kg,3500,20
07/15 12:33:34,느타리버섯(기타느타리버섯),1kg,3500,10
07/15 12:33:34,느타리버섯(기타느타리버섯),1kg,3500,20
07/15 12:33:34,느타리버섯(기타느타리버섯),1kg,3500,20
07/15 12:29:30,느타리버섯(느타리버섯(일반)),1kg,500,1
07/15 12:29:27,느타리버섯(느타리버섯(일반)),1kg,3000,14
07/15 12:15:38,느타리버섯(느타리버섯(일반)),1kg,1100,10
07/15 12:15:32,느타리버섯(느타리버섯(일반)),1kg,2700,10
07/15 12:15:24,느타리버섯(느타리버섯(일반)),1kg,3750,2
07/15 12:15:20,느타리버섯(느타리버섯(일반)),1kg,6000,20
07/15 12:15:15,느타리버섯(느타리버섯(일반)),1kg,7250,31
07/15 12:15:11,느타리버섯(느타리버섯(일반)),1kg,7500,31
07/15 12:13:25,느타리버섯(느타리버섯(일반)),1kg,3000,4
07/15 12:13:21,느타리버섯(느타리버섯(일반)),1kg,4350,6
07/15 12:13:16,느타리버섯(느타리버섯(일반)),1kg,5000,25
07/15 12:12:38,느타리버섯(느타리버섯(일반)),1kg,1400,6
07/15 12:11:56,느타리버섯(느타리버섯(일반)),1kg,4150,27
07/15 12:11:52,느타리버섯(느타리버섯(일반)),1kg,4150,12
07/15 12:11:46,느타리버섯(느타리버섯(일반)),1kg,4750,40
07/15 12:11:40,느타리버섯(느타리버섯(일반)),1kg,5900,14
07/15 12:11:35,느타리버섯(느타리버섯(일반)),1kg,7050,22
07/15 12:11:29,느타리버섯(느타리버섯(일반)),1kg,2300,4
07/15 12:11:26,느타리버섯(느타리버섯(일반)),1kg,3850,14
07/15 12:11:21,느타리버섯(느타리버섯(일반)),1kg,4250,27
07/15 12:10:56,느타리버섯(느타리버섯(일반)),1kg,7600,27
07/15 12:07:53,느타리버섯(느타리버섯(일반)),1kg,6000,15
07/15 12:03:41,느타리버섯(느타리버섯(일반)),1kg,2750,6
07/15 12:03:32,느타리버섯(느타리버섯(일반)),1kg,4750,7
07/15 12:03:26,느타리버섯(느타리버섯(일반)),1kg,7150,25
07/15 11:39:58,느타리버섯(기타느타리버섯),1kg,4500,4
07/15 11:39:52,느타리버섯(기타느타리버섯),1kg,7350,17
07/15 11:39:48,느타리버섯(기타느타리버섯),1kg,2000,9
07/15 11:39:42,느타리버섯(기타느타리버섯),1kg,3150,7
07/15 11:39:36,느타리버섯(기타느타리버섯),1kg,4000,10
07/15 11:39:32,느타리버섯(기타느타리버섯),1kg,4000,10
07/15 11:39:18,느타리버섯(기타느타리버섯),1kg,4000,10
07/15 11:39:14,느타리버섯(기타느타리버섯),1kg,4000,10
07/15 08:44:20,느타리버섯(애느타리),1kg,1750,10
07/15 08:44:20,느타리버섯(애느타리),1kg,1750,10
07/15 08:44:20,느타리버섯(애느타리),1kg,1750,10
07/15 08:44:20,느타리버섯(애느타리),1kg,1500,10
07/15 08:44:20,느타리버섯(애느타리),1kg,1500,10
07/15 08:44:20,느타리버섯(애느타리),1kg,1500,10
07/15 08:44:20,느타리버섯(애느타리),1kg,1750,10
07/15 08:44:20,느타리버섯(애느타리),1kg,1500,10
07/15 08:44:20,느타리버섯(애느타리),1kg,1500,10
07/15 08:44:20,느타리버섯(애느타리),1kg,1500,10
07/15 08:44:20,느타리버섯(애느타리),1kg,1750,10
07/15 08:44:20,느타리버섯(애느타리),1kg,1750,10
07/15 08:44:20,느타리버섯(애느타리),1kg,1750,10
07/15 08:44:20,느타리버섯(애느타리),1kg,1500,5
07/15 08:44:20,느타리버섯(애느타리),1kg,1500,10
07/15 08:44:20,느타리버섯(애느타리),1kg,1500,5
07/15 08:44:20,느타리버섯(애느타리),1kg,1500,10
07/15 08:44:20,느타리버섯(애느타리),1kg,1750,10
07/15 08:44:20,느타리버섯(애느타리),1kg,1500,10
07/15 08:31:27,느타리버섯(애느타리),1kg,1250,70
07/15 08:28:35,느타리버섯(기타느타리버섯),1kg,1750,2
07/15 08:28:35,느타리버섯(기타느타리버섯),1kg,1750,10
07/15 08:28:35,느타리버섯(기타느타리버섯),1kg,1750,10
07/15 08:28:35,느타리버섯(기타느타리버섯),1kg,1750,3
07/15 08:28:35,느타리버섯(기타느타리버섯),1kg,1750,10
07/15 08:28:35,느타리버섯(기타느타리버섯),1kg,1750,15
07/15 08:28:35,느타리버섯(기타느타리버섯),1kg,1750,10
07/15 08:27:54,느타리버섯(기타느타리버섯),1kg,600,30
07/15 08:27:43,느타리버섯(기타느타리버섯),1kg,1300,25
07/15 08:27:42,느타리버섯(기타느타리버섯),1kg,1300,25
07/15 08:27:15,느타리버섯(기타느타리버섯),1kg,150,100
07/15 08:27:15,느타리버섯(기타느타리버섯),1kg,150,40
07/15 08:27:15,느타리버섯(기타느타리버섯),1kg,150,100
07/15 08:27:15,느타리버섯(기타느타리버섯),1kg,150,100
07/15 08:27:15,느타리버섯(기타느타리버섯),1kg,150,50
07/15 08:27:15,느타리버섯(기타느타리버섯),1kg,150,50
07/15 08:27:15,느타리버섯(기타느타리버섯),1kg,150,250
07/15 08:27:15,느타리버섯(기타느타리버섯),1kg,150,100
07/15 08:27:15,느타리버섯(기타느타리버섯),1kg,150,200
07/15 08:27:15,느타리버섯(기타느타리버섯),1kg,150,30
07/15 08:27:15,느타리버섯(기타느타리버섯),1kg,150,80
07/15 08:27:15,느타리버섯(기타느타리버섯),1kg,150,100
07/15 07:18:30,느타리버섯(기타느타리버섯),1kg,150,100
07/15 07:18:29,느타리버섯(기타느타리버섯),1kg,150,100
07/15 07:18:28,느타리버섯(기타느타리버섯),1kg,150,100
07/15 07:18:27,느타리버섯(기타느타리버섯),1kg,150,100
07/15 07:18:25,느타리버섯(기타느타리버섯),1kg,150,100
07/15 06:42:27,느타리버섯(기타느타리버섯),1kg,1400,30
07/15 06:42:26,느타리버섯(기타느타리버섯),1kg,1400,10
07/15 06:42:25,느타리버섯(기타느타리버섯),1kg,1400,40
07/15 06:42:22,느타리버섯(기타느타리버섯),1kg,1400,20
07/15 06:37:45,느타리버섯(기타느타리버섯),1kg,150,500
07/15 06:36:21,느타리버섯(기타느타리버섯),1kg,1400,30
07/15 06:26:08,느타리버섯(애느타리),1kg,1500,5
07/15 06:25:56,느타리버섯(애느타리),1kg,150,100
07/15 06:25:55,느타리버섯(애느타리),1kg,150,200
07/15 06:25:50,느타리버섯(애느타리),1kg,150,200
07/15 06:16:58,느타리버섯(애느타리),1kg,1500,5
07/15 06:16:57,느타리버섯(애느타리),1kg,1500,5
07/15 06:16:55,느타리버섯(애느타리),1kg,1500,10
07/15 05:58:40,느타리버섯(원형느타리),1kg,1100,3
07/15 05:58:40,느타리버섯(원형느타리),1kg,1100,3
07/15 05:58:26,느타리버섯(원형느타리),1kg,2500,20
07/15 05:58:26,느타리버섯(원형느타리),1kg,2500,20
07/15 05:54:47,느타리버섯(느타리버섯(일반)),1kg,4350,5
07/15 05:54:41,느타리버섯(느타리버섯(일반)),1kg,4300,5
07/15 05:54:33,느타리버섯(느타리버섯(일반)),1kg,4000,5
07/15 05:41:28,느타리버섯(느타리버섯(일반)),1kg,2800,20
07/15 05:41:23,느타리버섯(느타리버섯(일반)),1kg,2700,20
07/15 05:41:20,느타리버섯(느타리버섯(일반)),1kg,2550,20
07/15 05:41:17,느타리버섯(느타리버섯(일반)),1kg,2450,20
07/15 05:41:09,느타리버섯(느타리버섯(일반)),1kg,250,200
07/15 05:41:04,느타리버섯(느타리버섯(일반)),1kg,250,200
07/15 05:38:46,느타리버섯(느타리버섯(일반)),1kg,1000,3
07/15 05:38:26,느타리버섯(느타리버섯(일반)),1kg,3200,10
07/15 05:38:16,느타리버섯(느타리버섯(일반)),1kg,3200,10
07/15 04:43:56,느타리버섯(애느타리),1kg,3429,10
07/15 04:43:07,느타리버섯(느타리버섯(일반)),1kg,3975,10
07/15 04:39:53,느타리버섯(느타리버섯(일반)),1kg,1272,100
07/15 04:39:34,느타리버섯(느타리버섯(일반)),1kg,901,100
07/15 04:38:59,느타리버섯(느타리버섯(일반)),1kg,954,20
07/15 04:38:47,느타리버섯(느타리버섯(일반)),1kg,954,40
07/15 04:38:03,느타리버섯(느타리버섯(일반)),1kg,1378,5
07/15 04:37:57,느타리버섯(느타리버섯(일반)),1kg,1378,20
07/15 04:37:52,느타리버섯(느타리버섯(일반)),1kg,1378,20
07/15 04:37:43,느타리버섯(느타리버섯(일반)),1kg,1378,15
07/15 04:37:28,느타리버섯(느타리버섯(일반)),1kg,1590,30
07/15 04:37:19,느타리버섯(느타리버섯(일반)),1kg,1590,10
07/15 04:37:13,느타리버섯(느타리버섯(일반)),1kg,1590,20
07/15 04:37:01,느타리버섯(느타리버섯(일반)),1kg,1590,10
07/15 04:32:38,느타리버섯(기타느타리버섯),1kg,140,200
07/15 04:32:32,느타리버섯(기타느타리버섯),1kg,145,300
07/15 04:30:34,느타리버섯(느타리버섯(일반)),1kg,750,10
07/15 04:30:29,느타리버섯(느타리버섯(일반)),1kg,1750,10
07/15 04:30:23,느타리버섯(느타리버섯(일반)),1kg,3000,4
07/15 04:29:37,느타리버섯(기타느타리버섯),1kg,2250,25
07/15 04:29:32,느타리버섯(기타느타리버섯),1kg,2000,35
07/15 04:29:11,느타리버섯(기타느타리버섯),1kg,2150,35
07/15 04:23:13,느타리버섯(느타리버섯(일반)),1kg,1300,55
07/15 04:23:07,느타리버섯(느타리버섯(일반)),1kg,1500,60
07/15 04:23:00,느타리버섯(느타리버섯(일반)),1kg,2650,60
07/15 04:22:56,느타리버섯(느타리버섯(일반)),1kg,2700,60
07/15 04:22:52,느타리버섯(느타리버섯(일반)),1kg,2650,60
07/15 04:10:05,느타리버섯(느타리버섯(일반)),1kg,500,36
07/15 04:10:01,느타리버섯(느타리버섯(일반)),1kg,1350,8
07/15 04:09:57,느타리버섯(느타리버섯(일반)),1kg,1350,10
07/15 04:09:55,느타리버섯(느타리버섯(일반)),1kg,1350,40
07/15 04:09:53,느타리버섯(느타리버섯(일반)),1kg,1350,50
07/15 04:08:48,느타리버섯(느타리버섯(일반)),1kg,3750,5
07/15 04:08:38,느타리버섯(느타리버섯(일반)),1kg,3750,10
07/15 04:08:32,느타리버섯(느타리버섯(일반)),1kg,3750,10
07/15 04:08:28,느타리버섯(느타리버섯(일반)),1kg,3750,10
07/15 04:08:20,느타리버섯(느타리버섯(일반)),1kg,3750,5
07/15 04:08:18,느타리버섯(느타리버섯(일반)),1kg,3750,10
07/15 03:56:06,느타리버섯(느타리버섯(일반)),1kg,2300,4
07/15 03:55:36,느타리버섯(느타리버섯(일반)),1kg,4500,2
07/15 03:55:32,느타리버섯(느타리버섯(일반)),1kg,6000,6
07/15 03:50:46,느타리버섯(기타느타리버섯),1kg,1000,5
07/15 03:50:46,느타리버섯(기타느타리버섯),1kg,2000,15
07/15 03:50:46,느타리버섯(기타느타리버섯),1kg,6500,1
07/15 03:46:44,느타리버섯(애느타리),1kg,1750,10
07/15 03:46:44,느타리버섯(애느타리),1kg,1750,10
07/15 03:46:44,느타리버섯(애느타리),1kg,1750,5
07/15 03:46:44,느타리버섯(애느타리),1kg,1750,10
07/15 03:46:44,느타리버섯(애느타리),1kg,1750,10
07/15 03:46:44,느타리버섯(애느타리),1kg,1750,10
07/15 03:46:44,느타리버섯(애느타리),1kg,1750,10
07/15 03:46:08,느타리버섯(기타느타리버섯),1kg,1750,20
07/15 03:44:52,느타리버섯(느타리버섯(일반)),1kg,1250,6
07/15 03:44:52,느타리버섯(느타리버섯(일반)),1kg,1250,5
07/15 03:44:52,느타리버섯(느타리버섯(일반)),1kg,1250,4
07/15 03:44:52,느타리버섯(느타리버섯(일반)),1kg,1250,6
07/15 03:44:13,느타리버섯(기타느타리버섯),1kg,2250,1
07/15 03:44:03,느타리버섯(기타느타리버섯),1kg,1575,10
07/15 03:43:53,느타리버섯(기타느타리버섯),1kg,2250,2
07/15 03:43:53,느타리버섯(기타느타리버섯),1kg,11000,1
07/15 03:43:36,느타리버섯(기타느타리버섯),1kg,2000,4
07/15 03:41:58,느타리버섯(애느타리),1kg,1750,9
07/15 03:41:37,느타리버섯(느타리버섯(일반)),1kg,1250,25
07/15 03:38:56,느타리버섯(느타리버섯(일반)),1kg,3000,20
07/15 03:38:56,느타리버섯(느타리버섯(일반)),1kg,3000,5
07/15 03:38:56,느타리버섯(느타리버섯(일반)),1kg,3000,5
07/15 03:38:56,느타리버섯(느타리버섯(일반)),1kg,3000,5
07/15 03:38:56,느타리버섯(느타리버섯(일반)),1kg,3000,20
07/15 03:38:56,느타리버섯(느타리버섯(일반)),1kg,3000,30
07/15 03:38:56,느타리버섯(느타리버섯(일반)),1kg,3000,20
07/15 03:38:56,느타리버섯(느타리버섯(일반)),1kg,3000,10
07/15 03:38:56,느타리버섯(느타리버섯(일반)),1kg,3000,5
07/15 03:38:56,느타리버섯(느타리버섯(일반)),1kg,3000,15
07/15 03:38:56,느타리버섯(느타리버섯(일반)),1kg,3000,5
07/15 03:37:42,느타리버섯(느타리버섯(일반)),1kg,2000,15
07/15 03:37:42,느타리버섯(느타리버섯(일반)),1kg,2000,5
07/15 03:37:42,느타리버섯(느타리버섯(일반)),1kg,2000,5
07/15 03:37:42,느타리버섯(느타리버섯(일반)),1kg,2000,5
07/15 03:37:42,느타리버섯(느타리버섯(일반)),1kg,2000,10
07/15 03:37:42,느타리버섯(느타리버섯(일반)),1kg,2000,5
07/15 03:37:42,느타리버섯(느타리버섯(일반)),1kg,2000,5
07/15 03:37:42,느타리버섯(느타리버섯(일반)),1kg,2000,10
07/15 03:37:42,느타리버섯(느타리버섯(일반)),1kg,2000,10
07/15 03:37:42,느타리버섯(느타리버섯(일반)),1kg,2000,5
07/15 03:36:51,느타리버섯(느타리버섯(일반)),1kg,3000,5
07/15 03:36:44,느타리버섯(느타리버섯(일반)),1kg,2000,5
07/15 03:33:25,느타리버섯(느타리버섯(일반)),1kg,1100,25
07/15 03:33:06,느타리버섯(느타리버섯(일반)),1kg,1200,25
07/15 03:32:59,느타리버섯(느타리버섯(일반)),1kg,1150,25
07/15 03:32:52,느타리버섯(느타리버섯(일반)),1kg,1300,25
07/15 03:32:46,느타리버섯(느타리버섯(일반)),1kg,1250,25
07/15 03:32:40,느타리버섯(느타리버섯(일반)),1kg,1250,25
07/15 03:27:05,느타리버섯(애느타리),1kg,2000,15
07/15 03:26:35,느타리버섯(애느타리),1kg,2000,15
07/15 03:26:33,느타리버섯(애느타리),1kg,2000,15
07/15 03:26:31,느타리버섯(애느타리),1kg,2000,15
07/15 03:22:58,느타리버섯(애느타리),1kg,1000,100
07/15 03:22:08,느타리버섯(애느타리),1kg,2150,25
07/15 03:22:07,느타리버섯(애느타리),1kg,2150,15
07/15 03:21:56,느타리버섯(애느타리),1kg,2100,60
07/15 03:21:16,느타리버섯(느타리버섯(일반)),1kg,2300,10
07/15 03:21:12,느타리버섯(느타리버섯(일반)),1kg,2300,10
07/15 03:21:08,느타리버섯(느타리버섯(일반)),1kg,2250,15
07/15 03:21:02,느타리버섯(느타리버섯(일반)),1kg,2300,15
07/15 03:20:58,느타리버섯(느타리버섯(일반)),1kg,2250,16
07/15 03:20:54,느타리버섯(느타리버섯(일반)),1kg,2250,20
07/15 03:14:45,느타리버섯(애느타리),1kg,1150,30
07/15 03:14:44,느타리버섯(애느타리),1kg,1150,30
07/15 03:14:43,느타리버섯(애느타리),1kg,1150,30
07/15 03:14:42,느타리버섯(애느타리),1kg,1150,30
07/15 03:14:29,느타리버섯(애느타리),1kg,1700,20
07/15 03:14:28,느타리버섯(애느타리),1kg,1650,30
07/15 03:14:22,느타리버섯(애느타리),1kg,1750,30
07/15 03:14:20,느타리버섯(애느타리),1kg,1800,30
07/15 03:14:19,느타리버섯(애느타리),1kg,1750,30
07/15 03:14:17,느타리버섯(애느타리),1kg,1750,30
07/15 03:14:16,느타리버섯(애느타리),1kg,1750,30
07/15 03:12:39,느타리버섯(기타느타리버섯),1kg,2400,40
07/15 03:12:34,느타리버섯(느타리버섯(일반)),1kg,4000,4
07/15 03:12:33,느타리버섯(기타느타리버섯),1kg,2300,40
07/15 03:12:31,느타리버섯(느타리버섯(일반)),1kg,4500,10
07/15 03:12:26,느타리버섯(기타느타리버섯),1kg,2350,40
07/15 03:12:22,느타리버섯(느타리버섯(일반)),1kg,4000,10
07/15 03:12:19,느타리버섯(기타느타리버섯),1kg,2450,40
07/15 03:12:18,느타리버섯(느타리버섯(일반)),1kg,6000,10
07/15 03:12:09,느타리버섯(기타느타리버섯),1kg,2400,40
07/15 03:12:03,느타리버섯(기타느타리버섯),1kg,2000,4
07/15 03:07:16,느타리버섯(느타리버섯(일반)),1kg,2110,5
07/15 03:05:27,느타리버섯(느타리버섯(일반)),1kg,2010,15
07/15 03:05:27,느타리버섯(느타리버섯(일반)),1kg,1695,10
07/15 02:45:56,느타리버섯(느타리버섯(일반)),1kg,1400,10
07/15 02:45:45,느타리버섯(느타리버섯(일반)),1kg,1500,10
07/15 02:45:44,느타리버섯(느타리버섯(일반)),1kg,1500,10
07/15 02:45:43,느타리버섯(느타리버섯(일반)),1kg,1500,10
07/15 02:45:42,느타리버섯(느타리버섯(일반)),1kg,1500,10
07/15 02:45:38,느타리버섯(느타리버섯(일반)),1kg,1500,10
07/15 02:45:35,느타리버섯(느타리버섯(일반)),1kg,1500,10
07/15 02:42:53,느타리버섯(기타느타리버섯),1kg,1300,16
07/15 02:42:50,느타리버섯(기타느타리버섯),1kg,1250,16
07/15 02:42:49,느타리버섯(기타느타리버섯),1kg,1250,16
07/15 02:42:46,느타리버섯(기타느타리버섯),1kg,1250,16
07/15 02:42:43,느타리버섯(기타느타리버섯),1kg,1250,16
07/15 02:41:17,느타리버섯(느타리버섯(일반)),1kg,1200,15
07/15 02:41:17,느타리버섯(느타리버섯(일반)),1kg,1250,15
07/15 02:41:17,느타리버섯(느타리버섯(일반)),1kg,1300,15
07/15 02:41:17,느타리버섯(느타리버섯(일반)),1kg,1300,10
07/15 02:41:17,느타리버섯(느타리버섯(일반)),1kg,1250,15
07/15 02:12:39,느타리버섯(느타리버섯(일반)),1kg,1550,5
07/15 02:12:36,느타리버섯(느타리버섯(일반)),1kg,4800,1
07/15 02:12:34,느타리버섯(느타리버섯(일반)),1kg,1550,15
07/15 02:06:44,느타리버섯(애느타리),1kg,3250,5
07/15 02:06:39,느타리버섯(애느타리),1kg,3250,5
07/15 02:06:36,느타리버섯(애느타리),1kg,3250,10
07/15 02:06:34,느타리버섯(애느타리),1kg,3250,5
07/15 02:06:19,느타리버섯(애느타리),1kg,3250,20
07/15 02:06:16,느타리버섯(애느타리),1kg,3250,5
07/15 02:06:12,느타리버섯(애느타리),1kg,3250,10
07/15 01:33:30,느타리버섯(느타리버섯(일반)),1kg,2450,50
07/15 01:33:26,느타리버섯(느타리버섯(일반)),1kg,2450,50
07/15 01:33:21,느타리버섯(느타리버섯(일반)),1kg,2600,50
07/15 01:33:17,느타리버섯(느타리버섯(일반)),1kg,2500,50
07/15 01:33:07,느타리버섯(느타리버섯(일반)),1kg,2800,50
07/15 01:33:02,느타리버섯(느타리버섯(일반)),1kg,2900,50
07/15 01:32:58,느타리버섯(느타리버섯(일반)),1kg,2950,50
07/15 01:32:54,느타리버섯(느타리버섯(일반)),1kg,2800,50
07/15 01:32:50,느타리버섯(느타리버섯(일반)),1kg,2700,50
07/15 01:32:42,느타리버섯(느타리버섯(일반)),1kg,2900,40
07/15 01:32:38,느타리버섯(느타리버섯(일반)),1kg,2750,40
07/15 01:32:34,느타리버섯(느타리버섯(일반)),1kg,2550,40
07/15 01:32:26,느타리버섯(느타리버섯(일반)),1kg,500,3
07/15 01:32:20,느타리버섯(느타리버섯(일반)),1kg,2800,25
07/15 01:32:11,느타리버섯(느타리버섯(일반)),1kg,2100,50
07/15 01:32:07,느타리버섯(느타리버섯(일반)),1kg,2100,50
07/15 01:32:02,느타리버섯(느타리버섯(일반)),1kg,2100,60
07/15 01:31:58,느타리버섯(느타리버섯(일반)),1kg,2100,60
07/15 01:31:53,느타리버섯(느타리버섯(일반)),1kg,2100,60
07/15 01:31:49,느타리버섯(느타리버섯(일반)),1kg,2100,60
07/15 01:31:44,느타리버섯(느타리버섯(일반)),1kg,2100,60
07/15 01:31:40,느타리버섯(느타리버섯(일반)),1kg,2200,60
07/15 01:29:17,느타리버섯(느타리버섯(일반)),1kg,1700,20
07/15 01:29:14,느타리버섯(느타리버섯(일반)),1kg,14550,1
07/15 01:29:10,느타리버섯(느타리버섯(일반)),1kg,1600,10
07/15 01:29:04,느타리버섯(느타리버섯(일반)),1kg,1600,5
07/15 01:29:00,느타리버섯(느타리버섯(일반)),1kg,1250,34
07/15 01:28:49,느타리버섯(느타리버섯(일반)),1kg,1600,65
07/15 01:28:45,느타리버섯(느타리버섯(일반)),1kg,1600,3
07/15 01:28:42,느타리버섯(느타리버섯(일반)),1kg,1600,10
07/15 01:28:41,느타리버섯(느타리버섯(일반)),1kg,1600,15
07/15 01:28:37,느타리버섯(느타리버섯(일반)),1kg,1600,10
07/15 01:28:32,느타리버섯(느타리버섯(일반)),1kg,1050,20
07/15 01:28:27,느타리버섯(느타리버섯(일반)),1kg,1600,30
07/15 01:28:21,느타리버섯(느타리버섯(일반)),1kg,1600,35
07/15 01:28:14,느타리버섯(느타리버섯(일반)),1kg,15000,5
07/15 01:28:02,느타리버섯(느타리버섯(일반)),1kg,13400,2
07/15 01:28:00,느타리버섯(느타리버섯(일반)),1kg,3750,1
07/15 01:27:58,느타리버섯(느타리버섯(일반)),1kg,1900,9
07/15 01:24:22,느타리버섯(애느타리),1kg,3250,10
07/15 01:24:08,느타리버섯(애느타리),1kg,1500,30
07/15 01:14:13,느타리버섯(느타리버섯(일반)),1kg,2250,20
07/15 01:13:32,느타리버섯(느타리버섯(일반)),1kg,2600,60
07/15 01:13:32,느타리버섯(느타리버섯(일반)),1kg,2650,60
07/15 01:13:22,느타리버섯(느타리버섯(일반)),1kg,2600,60
07/15 01:13:12,느타리버섯(느타리버섯(일반)),1kg,2450,60
07/15 01:12:52,느타리버섯(느타리버섯(일반)),1kg,1200,40
07/15 01:12:31,느타리버섯(느타리버섯(일반)),1kg,1150,40
07/15 01:06:03,느타리버섯(기타느타리버섯),1kg,1582,30
07/15 01:06:03,느타리버섯(애느타리),1kg,4220,2
07/15 01:02:25,느타리버섯(느타리버섯(일반)),1kg,500,100
07/15 01:02:16,느타리버섯(기타느타리버섯),1kg,1846,50
07/14 12:56:32,느타리버섯(애느타리),1kg,2500,10
07/14 12:56:20,느타리버섯(애느타리),1kg,1500,30
07/14 12:44:36,느타리버섯(느타리버섯(일반)),1kg,300,20
07/14 12:31:53,느타리버섯(느타리버섯(일반)),1kg,4500,4
07/14 12:31:48,느타리버섯(느타리버섯(일반)),1kg,5650,4
07/14 12:31:43,느타리버섯(느타리버섯(일반)),1kg,6600,15
07/14 12:30:38,느타리버섯(느타리버섯(일반)),1kg,4350,15
07/14 12:30:35,느타리버섯(느타리버섯(일반)),1kg,4500,9
07/14 12:30:30,느타리버섯(느타리버섯(일반)),1kg,6150,34
07/14 12:30:27,느타리버섯(느타리버섯(일반)),1kg,6000,10
07/14 12:30:24,느타리버섯(느타리버섯(일반)),1kg,7000,16
07/14 12:29:41,느타리버섯(느타리버섯(일반)),1kg,1000,9
07/14 12:29:33,느타리버섯(느타리버섯(일반)),1kg,6150,9
07/14 12:29:27,느타리버섯(느타리버섯(일반)),1kg,3000,1
07/14 12:29:22,느타리버섯(느타리버섯(일반)),1kg,5650,18
07/14 12:29:18,느타리버섯(느타리버섯(일반)),1kg,7500,25
07/14 12:29:14,느타리버섯(느타리버섯(일반)),1kg,7300,25
07/14 12:27:20,느타리버섯(느타리버섯(일반)),1kg,3500,18
07/14 12:27:09,느타리버섯(느타리버섯(일반)),1kg,2500,6
07/14 12:27:04,느타리버섯(느타리버섯(일반)),1kg,4150,8
07/14 12:26:58,느타리버섯(느타리버섯(일반)),1kg,5700,25
07/14 12:26:56,느타리버섯(느타리버섯(일반)),1kg,5500,25
07/14 12:24:52,느타리버섯(느타리버섯(일반)),1kg,3400,12
07/14 12:24:48,느타리버섯(느타리버섯(일반)),1kg,5750,9
07/14 12:24:44,느타리버섯(느타리버섯(일반)),1kg,7100,24
07/14 12:24:40,느타리버섯(느타리버섯(일반)),1kg,6900,24
07/14 12:24:33,느타리버섯(느타리버섯(일반)),1kg,2650,12
07/14 12:24:28,느타리버섯(느타리버섯(일반)),1kg,3750,12
07/14 12:24:20,느타리버섯(느타리버섯(일반)),1kg,38400,12
07/14 12:24:16,느타리버섯(느타리버섯(일반)),1kg,4750,19
07/14 12:24:13,느타리버섯(느타리버섯(일반)),1kg,4650,20
07/14 12:23:44,느타리버섯(느타리버섯(일반)),1kg,1800,20
07/14 12:23:41,느타리버섯(느타리버섯(일반)),1kg,1750,20
07/14 12:23:37,느타리버섯(느타리버섯(일반)),1kg,1800,20
07/14 12:23:35,느타리버섯(느타리버섯(일반)),1kg,1800,20
07/14 12:23:32,느타리버섯(느타리버섯(일반)),1kg,1900,20
07/14 12:23:22,느타리버섯(느타리버섯(일반)),1kg,2450,20
07/14 12:23:19,느타리버섯(느타리버섯(일반)),1kg,2400,20
07/14 12:23:15,느타리버섯(느타리버섯(일반)),1kg,2750,10
07/14 12:23:15,느타리버섯(느타리버섯(일반)),1kg,2750,20
07/14 12:23:15,느타리버섯(느타리버섯(일반)),1kg,2750,10
07/14 12:23:15,느타리버섯(느타리버섯(일반)),1kg,2750,10
07/14 12:23:15,느타리버섯(느타리버섯(일반)),1kg,2500,60
07/14 12:23:15,느타리버섯(느타리버섯(일반)),1kg,2750,30
07/14 12:23:14,느타리버섯(느타리버섯(일반)),1kg,2400,20
07/14 12:23:14,느타리버섯(느타리버섯(일반)),1kg,2750,10
07/14 12:23:11,느타리버섯(느타리버섯(일반)),1kg,2350,20
07/14 12:23:07,느타리버섯(느타리버섯(일반)),1kg,2300,20
07/14 12:23:03,느타리버섯(느타리버섯(일반)),1kg,2250,20
07/14 12:22:59,느타리버섯(느타리버섯(일반)),1kg,2200,20
07/14 12:22:56,느타리버섯(느타리버섯(일반)),1kg,2150,20
07/14 12:22:52,느타리버섯(느타리버섯(일반)),1kg,2150,20
07/14 12:22:50,느타리버섯(느타리버섯(일반)),1kg,2050,20
07/14 12:16:24,느타리버섯(느타리버섯(일반)),1kg,1000,18
07/14 12:16:12,느타리버섯(느타리버섯(일반)),1kg,1300,12
07/14 12:16:09,느타리버섯(느타리버섯(일반)),1kg,1100,18
07/14 12:01:39,느타리버섯(느타리버섯(일반)),1kg,1350,10
07/14 12:01:39,느타리버섯(느타리버섯(일반)),1kg,1350,30
07/14 12:01:39,느타리버섯(느타리버섯(일반)),1kg,1350,10
07/14 12:01:38,느타리버섯(느타리버섯(일반)),1kg,1350,20
07/14 12:01:38,느타리버섯(느타리버섯(일반)),1kg,1350,10
07/14 12:01:38,느타리버섯(느타리버섯(일반)),1kg,1350,10
07/14 12:01:37,느타리버섯(느타리버섯(일반)),1kg,1350,20
07/14 12:01:37,느타리버섯(느타리버섯(일반)),1kg,1350,10
07/14 12:01:37,느타리버섯(느타리버섯(일반)),1kg,1350,20
07/14 12:01:37,느타리버섯(느타리버섯(일반)),1kg,1350,10
07/14 12:01:36,느타리버섯(느타리버섯(일반)),1kg,1500,5
07/14 12:01:36,느타리버섯(느타리버섯(일반)),1kg,1500,50
07/14 12:01:36,느타리버섯(느타리버섯(일반)),1kg,1500,5
07/14 11:57:57,느타리버섯(느타리버섯(일반)),1kg,650,50
07/14 11:57:50,느타리버섯(느타리버섯(일반)),1kg,650,50
07/14 11:57:37,느타리버섯(느타리버섯(일반)),1kg,2650,50
07/14 11:57:33,느타리버섯(느타리버섯(일반)),1kg,1200,40
07/14 11:57:33,느타리버섯(느타리버섯(일반)),1kg,1200,20
07/14 11:57:33,느타리버섯(느타리버섯(일반)),1kg,1200,20
07/14 11:57:32,느타리버섯(느타리버섯(일반)),1kg,1200,8
07/14 11:57:32,느타리버섯(느타리버섯(일반)),1kg,1200,20
07/14 11:57:31,느타리버섯(느타리버섯(일반)),1kg,1200,40
07/14 11:57:31,느타리버섯(느타리버섯(일반)),1kg,1200,2
07/14 11:57:31,느타리버섯(느타리버섯(일반)),1kg,1200,10
07/14 11:57:30,느타리버섯(느타리버섯(일반)),1kg,2700,50
07/14 11:57:30,느타리버섯(느타리버섯(일반)),1kg,1400,10
07/14 11:57:30,느타리버섯(느타리버섯(일반)),1kg,1200,10
07/14 11:57:30,느타리버섯(느타리버섯(일반)),1kg,1200,30
07/14 11:57:29,느타리버섯(느타리버섯(일반)),1kg,1400,50
07/14 11:57:22,느타리버섯(느타리버섯(일반)),1kg,2650,50
07/14 11:57:15,느타리버섯(느타리버섯(일반)),1kg,2700,50
07/14 11:54:28,느타리버섯(애느타리),1kg,3250,10
07/14 11:54:27,느타리버섯(애느타리),1kg,3250,30
07/14 11:54:27,느타리버섯(애느타리),1kg,3250,10
07/14 11:51:55,느타리버섯(원형느타리),1kg,650,30
07/14 11:51:49,느타리버섯(원형느타리),1kg,1850,10
07/14 11:51:38,느타리버섯(원형느타리),1kg,1750,10
07/14 11:51:35,느타리버섯(원형느타리),1kg,1500,10
07/14 11:51:32,느타리버섯(원형느타리),1kg,1500,10
07/14 11:50:14,느타리버섯(기타느타리버섯),1kg,2400,7
07/14 11:50:06,느타리버섯(기타느타리버섯),1kg,2550,14
07/14 11:49:51,느타리버섯(기타느타리버섯),1kg,5050,10
07/14 11:49:47,느타리버섯(기타느타리버섯),1kg,5050,10
07/14 11:49:42,느타리버섯(기타느타리버섯),1kg,5000,10
07/14 11:47:52,느타리버섯(기타느타리버섯),1kg,1400,14
07/14 11:47:45,느타리버섯(기타느타리버섯),1kg,2950,13
07/14 11:47:39,느타리버섯(기타느타리버섯),1kg,4950,16
07/14 11:47:35,느타리버섯(기타느타리버섯),1kg,4700,16
07/14 11:47:30,느타리버섯(기타느타리버섯),1kg,4550,16
07/14 11:47:16,느타리버섯(기타느타리버섯),1kg,1500,1
07/14 11:47:10,느타리버섯(기타느타리버섯),1kg,2250,7
07/14 11:46:44,느타리버섯(기타느타리버섯),1kg,5200,26
07/14 11:46:05,느타리버섯(기타느타리버섯),1kg,6350,10
07/14 11:42:49,느타리버섯(느타리버섯(일반)),1kg,500,38
07/14 11:42:41,느타리버섯(느타리버섯(일반)),1kg,500,40
07/14 11:11:43,느타리버섯(기타느타리버섯),1kg,750,50
07/14 11:11:25,느타리버섯(기타느타리버섯),1kg,250,36
07/14 11:11:02,느타리버섯(기타느타리버섯),1kg,1500,30
07/14 11:10:58,느타리버섯(기타느타리버섯),1kg,1500,30
07/14 11:10:56,느타리버섯(기타느타리버섯),1kg,1500,30
07/14 11:10:53,느타리버섯(기타느타리버섯),1kg,1500,30
07/14 11:10:50,느타리버섯(기타느타리버섯),1kg,1500,30
07/14 11:10:48,느타리버섯(기타느타리버섯),1kg,1500,30
07/14 11:10:45,느타리버섯(기타느타리버섯),1kg,1500,60
07/14 10:51:18,느타리버섯(기타느타리버섯),1kg,1500,10
07/14 10:51:18,느타리버섯(기타느타리버섯),1kg,1500,25
07/14 10:51:18,느타리버섯(기타느타리버섯),1kg,1500,15
07/14 10:51:18,느타리버섯(기타느타리버섯),1kg,1500,10
07/14 10:51:18,느타리버섯(기타느타리버섯),1kg,1500,15
07/14 10:51:18,느타리버섯(기타느타리버섯),1kg,1500,60
07/14 10:51:18,느타리버섯(기타느타리버섯),1kg,1500,20
07/14 10:51:18,느타리버섯(기타느타리버섯),1kg,1500,15
07/14 10:51:18,느타리버섯(기타느타리버섯),1kg,1500,40
07/14 10:50:22,느타리버섯(기타느타리버섯),1kg,1500,10
07/14 10:50:22,느타리버섯(기타느타리버섯),1kg,1500,40
07/14 10:43:57,느타리버섯(느타리버섯(일반)),1kg,1000,20
07/14 10:43:54,느타리버섯(느타리버섯(일반)),1kg,1000,20
07/14 10:43:51,느타리버섯(느타리버섯(일반)),1kg,1000,20
07/14 10:43:34,느타리버섯(느타리버섯(일반)),1kg,1000,20
07/14 10:34:03,느타리버섯(기타느타리버섯),1kg,1250,50
07/14 10:33:58,느타리버섯(기타느타리버섯),1kg,1250,50
07/14 10:33:47,느타리버섯(기타느타리버섯),1kg,1250,50
07/14 10:33:43,느타리버섯(기타느타리버섯),1kg,126000,50
07/14 10:32:24,느타리버섯(기타느타리버섯),1kg,1500,40
07/14 10:31:14,느타리버섯(느타리버섯(일반)),1kg,3500,11
07/14 10:31:14,느타리버섯(느타리버섯(일반)),1kg,1750,66
07/14 10:31:14,느타리버섯(느타리버섯(일반)),1kg,1750,160
07/14 10:31:05,느타리버섯(기타느타리버섯),1kg,1500,50
07/14 10:30:33,느타리버섯(기타느타리버섯),1kg,1500,26
07/14 10:30:30,느타리버섯(기타느타리버섯),1kg,1250,26
07/14 10:30:26,느타리버섯(기타느타리버섯),1kg,1250,26
07/14 10:30:23,느타리버섯(기타느타리버섯),1kg,1250,26
07/14 10:30:20,느타리버섯(기타느타리버섯),1kg,1250,26
07/14 10:30:16,느타리버섯(기타느타리버섯),1kg,1250,26
07/14 10:30:02,느타리버섯(기타느타리버섯),1kg,500,10
07/14 10:29:44,느타리버섯(기타느타리버섯),1kg,1500,56
07/14 10:29:38,느타리버섯(기타느타리버섯),1kg,1500,50
07/14 10:20:47,느타리버섯(느타리버섯(일반)),1kg,2750,60
07/14 10:10:19,느타리버섯(애느타리),1kg,3000,80
07/14 10:10:19,느타리버섯(애느타리),1kg,3000,25
07/14 10:10:19,느타리버섯(애느타리),1kg,3000,30
07/14 10:10:19,느타리버섯(애느타리),1kg,3000,15
07/14 10:10:19,느타리버섯(애느타리),1kg,3000,5
07/14 10:10:19,느타리버섯(애느타리),1kg,3000,10
07/14 10:10:19,느타리버섯(애느타리),1kg,3000,50
07/14 10:10:19,느타리버섯(애느타리),1kg,3000,10
07/14 10:10:19,느타리버섯(애느타리),1kg,3000,10
07/14 10:10:19,느타리버섯(애느타리),1kg,3000,10
07/14 10:10:19,느타리버섯(애느타리),1kg,3000,20
07/14 10:10:19,느타리버섯(애느타리),1kg,3000,20
07/14 10:10:19,느타리버섯(애느타리),1kg,3000,15
07/14 10:10:19,느타리버섯(애느타리),1kg,3000,10
07/14 10:10:19,느타리버섯(애느타리),1kg,3000,10
07/14 10:09:03,느타리버섯(느타리버섯(일반)),1kg,100,75
07/14 10:08:40,느타리버섯(느타리버섯(일반)),1kg,150,75
07/14 10:08:36,느타리버섯(느타리버섯(일반)),1kg,150,75
07/14 10:08:33,느타리버섯(느타리버섯(일반)),1kg,150,75
07/14 10:08:07,느타리버섯(느타리버섯(일반)),1kg,1100,60
07/14 10:08:04,느타리버섯(느타리버섯(일반)),1kg,1050,120
07/14 10:08:01,느타리버섯(느타리버섯(일반)),1kg,1000,120
07/14 10:07:59,느타리버섯(느타리버섯(일반)),1kg,1000,120
07/14 10:07:56,느타리버섯(느타리버섯(일반)),1kg,1000,120
07/14 10:07:54,느타리버섯(느타리버섯(일반)),1kg,1000,120
07/14 10:07:51,느타리버섯(느타리버섯(일반)),1kg,1000,120
07/14 10:07:48,느타리버섯(느타리버섯(일반)),1kg,1000,120
07/14 10:07:45,느타리버섯(느타리버섯(일반)),1kg,1000,120
07/14 10:07:43,느타리버섯(느타리버섯(일반)),1kg,1000,120
07/14 10:07:40,느타리버섯(느타리버섯(일반)),1kg,1000,120
07/14 10:07:37,느타리버섯(느타리버섯(일반)),1kg,950,120
07/14 10:07:35,느타리버섯(느타리버섯(일반)),1kg,900,60
07/14 10:07:32,느타리버섯(느타리버섯(일반)),1kg,900,60
07/14 10:07:28,느타리버섯(느타리버섯(일반)),1kg,100,61
07/14 10:07:20,느타리버섯(느타리버섯(일반)),1kg,550,70
07/14 10:07:17,느타리버섯(느타리버섯(일반)),1kg,550,70
07/14 10:07:14,느타리버섯(느타리버섯(일반)),1kg,550,70
07/14 10:07:10,느타리버섯(느타리버섯(일반)),1kg,650,70
07/14 10:07:07,느타리버섯(느타리버섯(일반)),1kg,600,60
07/14 10:07:05,느타리버섯(느타리버섯(일반)),1kg,650,60
07/14 10:07:02,느타리버섯(느타리버섯(일반)),1kg,650,59
07/14 10:06:57,느타리버섯(느타리버섯(일반)),1kg,950,54
07/14 10:06:54,느타리버섯(느타리버섯(일반)),1kg,950,53
07/14 10:06:52,느타리버섯(느타리버섯(일반)),1kg,950,53
07/14 10:06:48,느타리버섯(느타리버섯(일반)),1kg,1050,60
07/14 10:06:36,느타리버섯(느타리버섯(일반)),1kg,1150,60
07/14 10:06:34,느타리버섯(느타리버섯(일반)),1kg,1150,60
07/14 10:06:31,느타리버섯(느타리버섯(일반)),1kg,1150,60
07/14 10:06:28,느타리버섯(느타리버섯(일반)),1kg,1150,60
07/14 10:06:25,느타리버섯(느타리버섯(일반)),1kg,1150,60
07/14 10:06:23,느타리버섯(느타리버섯(일반)),1kg,1150,60
07/14 10:06:20,느타리버섯(느타리버섯(일반)),1kg,1150,60
07/14 10:06:17,느타리버섯(느타리버섯(일반)),1kg,1150,60
07/14 10:06:15,느타리버섯(느타리버섯(일반)),1kg,1150,60
07/14 10:06:10,느타리버섯(느타리버섯(일반)),1kg,600,77
07/14 10:06:08,느타리버섯(느타리버섯(일반)),1kg,600,77
07/14 10:06:05,느타리버섯(느타리버섯(일반)),1kg,600,77
07/14 10:06:02,느타리버섯(느타리버섯(일반)),1kg,600,77
07/14 10:06:00,느타리버섯(느타리버섯(일반)),1kg,600,77
07/14 10:05:57,느타리버섯(느타리버섯(일반)),1kg,600,77
07/14 10:05:54,느타리버섯(느타리버섯(일반)),1kg,600,77
07/14 10:05:52,느타리버섯(느타리버섯(일반)),1kg,600,77
07/14 10:05:49,느타리버섯(느타리버섯(일반)),1kg,550,77
07/14 10:05:46,느타리버섯(기타느타리버섯),1kg,2500,65
07/14 10:05:46,느타리버섯(느타리버섯(일반)),1kg,550,77
07/14 10:05:44,느타리버섯(느타리버섯(일반)),1kg,550,77
07/14 10:05:43,느타리버섯(기타느타리버섯),1kg,2500,65
07/14 10:05:41,느타리버섯(느타리버섯(일반)),1kg,550,77
07/14 10:05:40,느타리버섯(기타느타리버섯),1kg,2500,65
07/14 10:05:37,느타리버섯(기타느타리버섯),1kg,2500,65
07/14 10:05:35,느타리버섯(기타느타리버섯),1kg,2500,65
07/14 10:05:32,느타리버섯(기타느타리버섯),1kg,2500,65
07/14 10:05:30,느타리버섯(기타느타리버섯),1kg,2500,65
07/14 10:05:27,느타리버섯(기타느타리버섯),1kg,2500,65
07/14 10:05:26,느타리버섯(느타리버섯(일반)),1kg,250,64
07/14 10:05:25,느타리버섯(기타느타리버섯),1kg,2500,65
07/14 10:05:23,느타리버섯(느타리버섯(일반)),1kg,250,64
07/14 10:05:22,느타리버섯(기타느타리버섯),1kg,2500,65
07/14 10:05:21,느타리버섯(느타리버섯(일반)),1kg,300,64
07/14 10:05:19,느타리버섯(기타느타리버섯),1kg,2500,65
07/14 10:05:18,느타리버섯(느타리버섯(일반)),1kg,250,95
07/14 10:05:17,느타리버섯(기타느타리버섯),1kg,2500,65
07/14 10:05:15,느타리버섯(느타리버섯(일반)),1kg,250,95
07/14 10:05:14,느타리버섯(기타느타리버섯),1kg,2500,65
07/14 10:05:13,느타리버섯(느타리버섯(일반)),1kg,250,90
07/14 10:05:11,느타리버섯(기타느타리버섯),1kg,2500,65
07/14 10:05:10,느타리버섯(느타리버섯(일반)),1kg,250,90
07/14 10:05:08,느타리버섯(기타느타리버섯),1kg,2500,65
07/14 10:05:07,느타리버섯(느타리버섯(일반)),1kg,300,96
07/14 10:05:05,느타리버섯(기타느타리버섯),1kg,2500,65
07/14 10:05:04,느타리버섯(느타리버섯(일반)),1kg,300,96
07/14 10:05:02,느타리버섯(기타느타리버섯),1kg,2500,65
07/14 10:05:00,느타리버섯(기타느타리버섯),1kg,2500,65
07/14 10:04:57,느타리버섯(기타느타리버섯),1kg,2500,65
07/14 10:04:56,느타리버섯(느타리버섯(일반)),1kg,350,96
07/14 10:04:54,느타리버섯(기타느타리버섯),1kg,2500,65
07/14 10:04:53,느타리버섯(느타리버섯(일반)),1kg,350,96
07/14 10:04:50,느타리버섯(느타리버섯(일반)),1kg,350,74
07/14 10:04:46,느타리버섯(기타느타리버섯),1kg,2750,75
07/14 10:04:46,느타리버섯(느타리버섯(일반)),1kg,550,51
07/14 10:04:45,느타리버섯(느타리버섯(일반)),1kg,2750,60
07/14 10:04:44,느타리버섯(기타느타리버섯),1kg,2750,75
07/14 10:04:44,느타리버섯(느타리버섯(일반)),1kg,550,51
07/14 10:04:41,느타리버섯(느타리버섯(일반)),1kg,550,96
07/14 10:04:39,느타리버섯(느타리버섯(일반)),1kg,3500,60
07/14 10:04:38,느타리버섯(느타리버섯(일반)),1kg,650,96
07/14 10:04:36,느타리버섯(기타느타리버섯),1kg,3000,55
07/14 10:04:36,느타리버섯(느타리버섯(일반)),1kg,3250,60
07/14 10:04:33,느타리버섯(기타느타리버섯),1kg,3000,55
07/14 10:04:33,느타리버섯(느타리버섯(일반)),1kg,3250,60
07/14 10:04:31,느타리버섯(기타느타리버섯),1kg,3000,55
07/14 10:04:30,느타리버섯(기타느타리버섯),1kg,3500,60
07/14 10:04:29,느타리버섯(느타리버섯(일반)),1kg,3000,60
07/14 10:04:28,느타리버섯(기타느타리버섯),1kg,3000,55
07/14 10:04:28,느타리버섯(느타리버섯(일반)),1kg,750,96
07/14 10:04:27,느타리버섯(기타느타리버섯),1kg,3500,60
07/14 10:04:25,느타리버섯(느타리버섯(일반)),1kg,750,96
07/14 10:04:23,느타리버섯(느타리버섯(일반)),1kg,750,96
07/14 10:04:22,느타리버섯(기타느타리버섯),1kg,3250,50
07/14 10:04:22,느타리버섯(느타리버섯(일반)),1kg,4000,70
07/14 10:04:21,느타리버섯(기타느타리버섯),1kg,3250,77
07/14 10:04:20,느타리버섯(느타리버섯(일반)),1kg,750,96
07/14 10:04:20,느타리버섯(느타리버섯(일반)),1kg,3750,70
07/14 10:04:18,느타리버섯(기타느타리버섯),1kg,2500,50
07/14 10:04:18,느타리버섯(기타느타리버섯),1kg,3250,77
07/14 10:04:17,느타리버섯(느타리버섯(일반)),1kg,800,51
07/14 10:04:17,느타리버섯(느타리버섯(일반)),1kg,3750,70
07/14 10:04:14,느타리버섯(기타느타리버섯),1kg,2500,50
07/14 10:04:14,느타리버섯(느타리버섯(일반)),1kg,850,51
07/14 10:04:14,느타리버섯(느타리버섯(일반)),1kg,3750,70
07/14 10:04:12,느타리버섯(기타느타리버섯),1kg,2500,50
07/14 10:04:12,느타리버섯(기타느타리버섯),1kg,3500,75
07/14 10:04:11,느타리버섯(느타리버섯(일반)),1kg,3750,70
07/14 10:04:09,느타리버섯(기타느타리버섯),1kg,2500,50
07/14 10:04:08,느타리버섯(기타느타리버섯),1kg,3500,75
07/14 10:04:08,느타리버섯(느타리버섯(일반)),1kg,3500,70
07/14 10:04:05,느타리버섯(느타리버섯(일반)),1kg,3500,70
07/14 10:04:03,느타리버섯(기타느타리버섯),1kg,3500,60
07/14 10:04:01,느타리버섯(느타리버섯(일반)),1kg,3250,70
07/14 10:03:59,느타리버섯(기타느타리버섯),1kg,3250,60
07/14 10:03:54,느타리버섯(기타느타리버섯),1kg,200,47
07/14 10:03:52,느타리버섯(기타느타리버섯),1kg,200,50
07/14 10:03:50,느타리버섯(기타느타리버섯),1kg,200,50
07/14 10:03:48,느타리버섯(기타느타리버섯),1kg,3250,60
07/14 10:03:47,느타리버섯(기타느타리버섯),1kg,200,50
07/14 10:03:46,느타리버섯(기타느타리버섯),1kg,3250,60
07/14 10:03:43,느타리버섯(기타느타리버섯),1kg,3250,60
07/14 10:03:42,느타리버섯(기타느타리버섯),1kg,400,39
07/14 10:03:42,느타리버섯(기타느타리버섯),1kg,3000,60
07/14 10:03:40,느타리버섯(기타느타리버섯),1kg,3000,60
07/14 10:03:39,느타리버섯(기타느타리버섯),1kg,3000,60
07/14 10:03:36,느타리버섯(기타느타리버섯),1kg,250,50
07/14 10:03:35,느타리버섯(느타리버섯(일반)),1kg,800,38
07/14 10:03:34,느타리버섯(기타느타리버섯),1kg,250,50
07/14 10:03:32,느타리버섯(느타리버섯(일반)),1kg,750,66
07/14 10:03:30,느타리버섯(느타리버섯(일반)),1kg,700,66
07/14 10:03:29,느타리버섯(기타느타리버섯),1kg,250,51
07/14 10:03:26,느타리버섯(기타느타리버섯),1kg,250,51
07/14 10:03:22,느타리버섯(느타리버섯(일반)),1kg,850,50
07/14 10:03:21,느타리버섯(기타느타리버섯),1kg,700,27
07/14 10:03:21,느타리버섯(느타리버섯(일반)),1kg,250,75
07/14 10:03:20,느타리버섯(느타리버섯(일반)),1kg,250,75
07/14 10:03:18,느타리버섯(느타리버섯(일반)),1kg,250,75
07/14 10:03:18,느타리버섯(느타리버섯(일반)),1kg,900,50
07/14 10:03:16,느타리버섯(느타리버섯(일반)),1kg,250,75
07/14 10:03:15,느타리버섯(기타느타리버섯),1kg,250,79
07/14 10:03:14,느타리버섯(느타리버섯(일반)),1kg,850,50
07/14 10:03:13,느타리버섯(기타느타리버섯),1kg,250,50
07/14 10:03:11,느타리버섯(느타리버섯(일반)),1kg,250,75
07/14 10:03:11,느타리버섯(느타리버섯(일반)),1kg,800,50
07/14 10:03:10,느타리버섯(기타느타리버섯),1kg,250,50
07/14 10:03:09,느타리버섯(느타리버섯(일반)),1kg,250,75
07/14 10:03:08,느타리버섯(느타리버섯(일반)),1kg,800,50
07/14 10:03:07,느타리버섯(느타리버섯(일반)),1kg,250,75
07/14 10:03:06,느타리버섯(느타리버섯(일반)),1kg,250,75
07/14 10:03:05,느타리버섯(기타느타리버섯),1kg,650,48
07/14 10:03:04,느타리버섯(느타리버섯(일반)),1kg,750,50
07/14 10:03:02,느타리버섯(느타리버섯(일반)),1kg,700,50
07/14 10:03:00,느타리버섯(느타리버섯(일반)),1kg,500,50
07/14 10:02:59,느타리버섯(느타리버섯(일반)),1kg,650,50
07/14 10:02:58,느타리버섯(기타느타리버섯),1kg,700,42
07/14 10:02:58,느타리버섯(느타리버섯(일반)),1kg,500,50
07/14 10:02:55,느타리버섯(기타느타리버섯),1kg,700,50
07/14 10:02:55,느타리버섯(느타리버섯(일반)),1kg,750,80
07/14 10:02:53,느타리버섯(기타느타리버섯),1kg,700,50
07/14 10:02:53,느타리버섯(느타리버섯(일반)),1kg,750,80
07/14 10:02:52,느타리버섯(느타리버섯(일반)),1kg,750,60
07/14 10:02:50,느타리버섯(느타리버섯(일반)),1kg,750,60
07/14 10:02:50,느타리버섯(느타리버섯(일반)),1kg,400,100
07/14 10:02:47,느타리버섯(느타리버섯(일반)),1kg,750,60
07/14 10:02:46,느타리버섯(느타리버섯(일반)),1kg,750,60
07/14 10:02:45,느타리버섯(기타느타리버섯),1kg,550,50
07/14 10:02:45,느타리버섯(느타리버섯(일반)),1kg,1100,48
07/14 10:02:42,느타리버섯(기타느타리버섯),1kg,550,50
07/14 10:02:41,느타리버섯(느타리버섯(일반)),1kg,250,70
07/14 10:02:40,느타리버섯(기타느타리버섯),1kg,550,50
07/14 10:02:39,느타리버섯(느타리버섯(일반)),1kg,250,70
07/14 10:02:38,느타리버섯(느타리버섯(일반)),1kg,950,75
07/14 10:02:37,느타리버섯(기타느타리버섯),1kg,550,50
07/14 10:02:37,느타리버섯(느타리버섯(일반)),1kg,250,70
07/14 10:02:36,느타리버섯(느타리버섯(일반)),1kg,950,75
07/14 10:02:35,느타리버섯(기타느타리버섯),1kg,500,50
07/14 10:02:35,느타리버섯(느타리버섯(일반)),1kg,250,70
07/14 10:02:33,느타리버섯(기타느타리버섯),1kg,500,50
07/14 10:02:31,느타리버섯(느타리버섯(일반)),1kg,1350,50
07/14 10:02:30,느타리버섯(기타느타리버섯),1kg,500,50
07/14 10:02:28,느타리버섯(기타느타리버섯),1kg,500,50
07/14 10:02:28,느타리버섯(느타리버섯(일반)),1kg,1000,50
07/14 10:02:28,느타리버섯(느타리버섯(일반)),1kg,1300,50
07/14 10:02:26,느타리버섯(느타리버섯(일반)),1kg,1000,50
07/14 10:02:24,느타리버섯(느타리버섯(일반)),1kg,1350,50
07/14 10:02:21,느타리버섯(기타느타리버섯),1kg,600,77
07/14 10:02:21,느타리버섯(느타리버섯(일반)),1kg,1350,50
07/14 10:02:20,느타리버섯(느타리버섯(일반)),1kg,1250,80
07/14 10:02:18,느타리버섯(기타느타리버섯),1kg,600,77
07/14 10:02:18,느타리버섯(느타리버섯(일반)),1kg,1250,60
07/14 10:02:17,느타리버섯(느타리버섯(일반)),1kg,1250,60
07/14 10:02:17,느타리버섯(느타리버섯(일반)),1kg,1400,50
07/14 10:02:16,느타리버섯(기타느타리버섯),1kg,600,77
07/14 10:02:15,느타리버섯(느타리버섯(일반)),1kg,1250,60
07/14 10:02:14,느타리버섯(기타느타리버섯),1kg,600,77
07/14 10:02:14,느타리버섯(느타리버섯(일반)),1kg,1400,50
07/14 10:02:13,느타리버섯(느타리버섯(일반)),1kg,1250,60
07/14 10:02:12,느타리버섯(느타리버섯(일반)),1kg,1250,60
07/14 10:02:12,느타리버섯(느타리버섯(일반)),1kg,1350,54
07/14 10:02:11,느타리버섯(기타느타리버섯),1kg,600,77
07/14 10:02:10,느타리버섯(느타리버섯(일반)),1kg,1250,60
07/14 10:02:09,느타리버섯(기타느타리버섯),1kg,600,77
07/14 10:02:09,느타리버섯(느타리버섯(일반)),1kg,1300,54
07/14 10:02:07,느타리버섯(기타느타리버섯),1kg,600,77
07/14 10:02:07,느타리버섯(느타리버섯(일반)),1kg,250,55
07/14 10:02:04,느타리버섯(기타느타리버섯),1kg,600,77
07/14 10:02:01,느타리버섯(느타리버섯(일반)),1kg,400,100
07/14 10:01:57,느타리버섯(느타리버섯(일반)),1kg,1250,75
07/14 10:01:57,느타리버섯(느타리버섯(일반)),1kg,400,100
07/14 10:01:54,느타리버섯(기타느타리버섯),1kg,750,50
07/14 10:01:54,느타리버섯(느타리버섯(일반)),1kg,1250,75
07/14 10:01:52,느타리버섯(느타리버섯(일반)),1kg,1250,75
07/14 10:01:52,느타리버섯(느타리버섯(일반)),1kg,1150,40
07/14 10:01:51,느타리버섯(기타느타리버섯),1kg,750,50
07/14 10:01:51,느타리버섯(느타리버섯(일반)),1kg,1250,75
07/14 10:01:49,느타리버섯(기타느타리버섯),1kg,750,50
07/14 10:01:49,느타리버섯(느타리버섯(일반)),1kg,1250,50
07/14 10:01:49,느타리버섯(느타리버섯(일반)),1kg,1150,50
07/14 10:01:48,느타리버섯(느타리버섯(일반)),1kg,1250,50
07/14 10:01:47,느타리버섯(느타리버섯(일반)),1kg,1150,50
07/14 10:01:46,느타리버섯(기타느타리버섯),1kg,750,50
07/14 10:01:44,느타리버섯(기타느타리버섯),1kg,750,50
07/14 10:01:44,느타리버섯(느타리버섯(일반)),1kg,250,30
07/14 10:01:43,느타리버섯(느타리버섯(일반)),1kg,1150,50
07/14 10:01:41,느타리버섯(느타리버섯(일반)),1kg,1150,50
07/14 10:01:40,느타리버섯(느타리버섯(일반)),1kg,750,50
07/14 10:01:39,느타리버섯(기타느타리버섯),1kg,800,50
07/14 10:01:39,느타리버섯(느타리버섯(일반)),1kg,750,75
07/14 10:01:37,느타리버섯(느타리버섯(일반)),1kg,750,75
07/14 10:01:37,느타리버섯(느타리버섯(일반)),1kg,1150,50
07/14 10:01:36,느타리버섯(느타리버섯(일반)),1kg,750,75
07/14 10:01:35,느타리버섯(기타느타리버섯),1kg,850,50
07/14 10:01:35,느타리버섯(느타리버섯(일반)),1kg,1150,50
07/14 10:01:34,느타리버섯(느타리버섯(일반)),1kg,750,75
07/14 10:01:33,느타리버섯(느타리버섯(일반)),1kg,750,75
07/14 10:01:33,느타리버섯(느타리버섯(일반)),1kg,1150,50
07/14 10:01:32,느타리버섯(기타느타리버섯),1kg,850,50
07/14 10:01:31,느타리버섯(느타리버섯(일반)),1kg,750,75
07/14 10:01:30,느타리버섯(기타느타리버섯),1kg,850,50
07/14 10:01:28,느타리버섯(느타리버섯(일반)),1kg,1150,50
07/14 10:01:27,느타리버섯(기타느타리버섯),1kg,850,50
07/14 10:01:25,느타리버섯(기타느타리버섯),1kg,850,50
07/14 10:01:25,느타리버섯(느타리버섯(일반)),1kg,1250,50
07/14 10:01:25,느타리버섯(느타리버섯(일반)),1kg,1150,50
07/14 10:01:24,느타리버섯(느타리버섯(일반)),1kg,1250,50
07/14 10:01:22,느타리버섯(기타느타리버섯),1kg,850,50
07/14 10:01:22,느타리버섯(느타리버섯(일반)),1kg,1250,50
07/14 10:01:22,느타리버섯(느타리버섯(일반)),1kg,1150,50
07/14 10:01:19,느타리버섯(기타느타리버섯),1kg,900,50
07/14 10:01:19,느타리버섯(느타리버섯(일반)),1kg,1200,50
07/14 10:01:17,느타리버섯(느타리버섯(일반)),1kg,1500,60
07/14 10:01:17,느타리버섯(느타리버섯(일반)),1kg,1200,50
07/14 10:01:15,느타리버섯(기타느타리버섯),1kg,900,50
07/14 10:01:15,느타리버섯(느타리버섯(일반)),1kg,1500,60
07/14 10:01:14,느타리버섯(느타리버섯(일반)),1kg,1500,60
07/14 10:01:14,느타리버섯(느타리버섯(일반)),1kg,1200,50
07/14 10:01:12,느타리버섯(느타리버섯(일반)),1kg,1500,60
07/14 10:01:12,느타리버섯(느타리버섯(일반)),1kg,1200,50
07/14 10:01:11,느타리버섯(느타리버섯(일반)),1kg,1500,60
07/14 10:01:09,느타리버섯(느타리버섯(일반)),1kg,1500,60
07/14 10:01:09,느타리버섯(느타리버섯(일반)),1kg,1200,50
07/14 10:01:08,느타리버섯(기타느타리버섯),1kg,950,63
07/14 10:01:07,느타리버섯(느타리버섯(일반)),1kg,1200,50
07/14 10:01:05,느타리버섯(기타느타리버섯),1kg,950,50
07/14 10:01:02,느타리버섯(기타느타리버섯),1kg,950,50
07/14 10:00:55,느타리버섯(기타느타리버섯),1kg,1200,43
07/14 10:00:50,느타리버섯(기타느타리버섯),1kg,1250,50
07/14 10:00:50,느타리버섯(느타리버섯(일반)),1kg,800,50
07/14 10:00:48,느타리버섯(기타느타리버섯),1kg,1250,50
07/14 10:00:47,느타리버섯(느타리버섯(일반)),1kg,800,50
07/14 10:00:44,느타리버섯(기타느타리버섯),1kg,1250,50
07/14 10:00:42,느타리버섯(기타느타리버섯),1kg,1250,50
07/14 10:00:39,느타리버섯(기타느타리버섯),1kg,1250,50
07/14 10:00:35,느타리버섯(기타느타리버섯),1kg,1300,50
07/14 10:00:32,느타리버섯(기타느타리버섯),1kg,1250,50
07/14 10:00:29,느타리버섯(기타느타리버섯),1kg,1300,50
07/14 10:00:27,느타리버섯(느타리버섯(일반)),1kg,300,24
07/14 10:00:26,느타리버섯(기타느타리버섯),1kg,1250,50
07/14 10:00:24,느타리버섯(기타느타리버섯),1kg,1250,50
07/14 10:00:23,느타리버섯(느타리버섯(일반)),1kg,450,20
07/14 10:00:21,느타리버섯(기타느타리버섯),1kg,1250,50
07/14 10:00:16,느타리버섯(느타리버섯(일반)),1kg,900,53
07/14 10:00:14,느타리버섯(기타느타리버섯),1kg,1150,50
07/14 10:00:13,느타리버섯(느타리버섯(일반)),1kg,900,53
07/14 10:00:11,느타리버섯(기타느타리버섯),1kg,1150,50
07/14 10:00:10,느타리버섯(느타리버섯(일반)),1kg,900,53
07/14 10:00:09,느타리버섯(기타느타리버섯),1kg,1150,50
07/14 10:00:07,느타리버섯(느타리버섯(일반)),1kg,900,54
07/14 10:00:06,느타리버섯(기타느타리버섯),1kg,1150,50
07/14 10:00:03,느타리버섯(느타리버섯(일반)),1kg,900,53
07/14 10:00:00,느타리버섯(느타리버섯(일반)),1kg,900,54
07/14 09:59:59,느타리버섯(기타느타리버섯),1kg,1250,50
07/14 09:59:57,느타리버섯(기타느타리버섯),1kg,1250,50
07/14 09:59:57,느타리버섯(느타리버섯(일반)),1kg,900,53
07/14 09:59:55,느타리버섯(느타리버섯(일반)),1kg,900,54
07/14 09:59:54,느타리버섯(기타느타리버섯),1kg,1250,50
07/14 09:59:52,느타리버섯(기타느타리버섯),1kg,1250,50
07/14 09:59:49,느타리버섯(기타느타리버섯),1kg,1250,50
07/14 09:59:47,느타리버섯(기타느타리버섯),1kg,1250,50
07/14 09:59:45,느타리버섯(느타리버섯(일반)),1kg,550,95
07/14 09:59:44,느타리버섯(기타느타리버섯),1kg,1250,50
07/14 09:59:42,느타리버섯(기타느타리버섯),1kg,1250,50
07/14 09:59:42,느타리버섯(느타리버섯(일반)),1kg,500,100
07/14 09:59:40,느타리버섯(기타느타리버섯),1kg,1250,50
07/14 09:59:37,느타리버섯(기타느타리버섯),1kg,1250,50
07/14 09:59:35,느타리버섯(기타느타리버섯),1kg,1250,50
07/14 09:59:35,느타리버섯(느타리버섯(일반)),1kg,1100,55
07/14 09:59:32,느타리버섯(기타느타리버섯),1kg,1250,50
07/14 09:59:30,느타리버섯(기타느타리버섯),1kg,1250,50
07/14 09:59:30,느타리버섯(느타리버섯(일반)),1kg,1150,55
07/14 09:59:27,느타리버섯(기타느타리버섯),1kg,1250,50
07/14 09:59:26,느타리버섯(느타리버섯(일반)),1kg,1200,55
07/14 09:59:24,느타리버섯(기타느타리버섯),1kg,1250,50
07/14 09:59:23,느타리버섯(느타리버섯(일반)),1kg,1200,55
07/14 09:59:22,느타리버섯(기타느타리버섯),1kg,1250,50
07/14 09:59:13,느타리버섯(기타느타리버섯),1kg,1300,50
07/14 09:59:09,느타리버섯(기타느타리버섯),1kg,1300,50
07/14 09:59:06,느타리버섯(기타느타리버섯),1kg,1300,50
07/14 09:59:03,느타리버섯(기타느타리버섯),1kg,1300,50
07/14 09:59:01,느타리버섯(기타느타리버섯),1kg,1300,50
07/14 09:58:57,느타리버섯(기타느타리버섯),1kg,1300,50
07/14 09:55:58,느타리버섯(느타리버섯(일반)),1kg,2190,1
07/14 09:49:04,느타리버섯(느타리버섯(일반)),1kg,3250,11
07/14 09:48:52,느타리버섯(느타리버섯(일반)),1kg,1750,11
07/14 09:48:44,느타리버섯(느타리버섯(일반)),1kg,3750,4
07/14 09:48:38,느타리버섯(느타리버섯(일반)),1kg,4250,2
07/14 09:48:17,느타리버섯(느타리버섯(일반)),1kg,4000,29
07/14 09:48:12,느타리버섯(느타리버섯(일반)),1kg,4000,29
07/14 09:48:08,느타리버섯(느타리버섯(일반)),1kg,4000,29
07/14 09:45:20,느타리버섯(기타느타리버섯),1kg,4500,12
07/14 09:45:17,느타리버섯(기타느타리버섯),1kg,4250,12
07/14 09:45:09,느타리버섯(기타느타리버섯),1kg,3750,19
07/14 09:45:07,느타리버섯(기타느타리버섯),1kg,3750,19
07/14 09:45:03,느타리버섯(기타느타리버섯),1kg,3750,19
07/14 09:44:55,느타리버섯(기타느타리버섯),1kg,500,1
07/14 09:44:50,느타리버섯(기타느타리버섯),1kg,2000,1
07/14 09:44:45,느타리버섯(기타느타리버섯),1kg,3250,16
07/14 09:44:38,느타리버섯(기타느타리버섯),1kg,3750,13
07/14 09:44:35,느타리버섯(기타느타리버섯),1kg,3750,14
07/14 09:43:49,느타리버섯(느타리버섯(일반)),1kg,3600,26
07/14 09:39:33,느타리버섯(기타느타리버섯),1kg,1500,50
07/14 09:39:31,느타리버섯(기타느타리버섯),1kg,1500,50
07/14 09:39:29,느타리버섯(기타느타리버섯),1kg,1500,50
07/14 09:39:28,느타리버섯(기타느타리버섯),1kg,1500,50
07/14 09:39:26,느타리버섯(기타느타리버섯),1kg,1500,50
07/14 09:39:25,느타리버섯(기타느타리버섯),1kg,1500,50
07/14 09:39:23,느타리버섯(기타느타리버섯),1kg,1500,50
07/14 09:39:20,느타리버섯(기타느타리버섯),1kg,1500,50
07/14 09:39:14,느타리버섯(기타느타리버섯),1kg,2250,60
07/14 09:39:10,느타리버섯(기타느타리버섯),1kg,2250,60
07/14 09:39:04,느타리버섯(기타느타리버섯),1kg,2750,71
07/14 09:39:02,느타리버섯(기타느타리버섯),1kg,2750,71
07/14 09:39:00,느타리버섯(기타느타리버섯),1kg,2750,71
07/14 09:38:59,느타리버섯(기타느타리버섯),1kg,2750,71
07/14 09:38:57,느타리버섯(기타느타리버섯),1kg,2750,72
07/14 09:38:56,느타리버섯(기타느타리버섯),1kg,2750,72
07/14 09:38:53,느타리버섯(기타느타리버섯),1kg,2750,72
07/14 09:38:50,느타리버섯(기타느타리버섯),1kg,2750,72
07/14 09:38:34,느타리버섯(느타리버섯(일반)),1kg,1575,2
07/14 09:37:55,느타리버섯(느타리버섯(일반)),1kg,3000,14
07/14 09:37:12,느타리버섯(느타리버섯(일반)),1kg,1666,19
07/14 09:37:06,느타리버섯(느타리버섯(일반)),1kg,3250,15
07/14 09:37:02,느타리버섯(느타리버섯(일반)),1kg,3250,15
07/14 09:35:16,느타리버섯(기타느타리버섯),1kg,1500,5
07/14 09:35:04,느타리버섯(느타리버섯(일반)),1kg,8250,2
07/14 09:34:19,느타리버섯(느타리버섯(일반)),1kg,9750,28
07/14 09:34:09,느타리버섯(느타리버섯(일반)),1kg,11000,17
07/14 09:34:00,느타리버섯(느타리버섯(일반)),1kg,2250,28
07/14 09:33:54,느타리버섯(느타리버섯(일반)),1kg,5000,4
07/14 09:33:47,느타리버섯(느타리버섯(일반)),1kg,8000,25
07/14 09:33:42,느타리버섯(느타리버섯(일반)),1kg,7750,24
07/14 09:33:34,느타리버섯(느타리버섯(일반)),1kg,13250,25
07/14 09:33:29,느타리버섯(느타리버섯(일반)),1kg,13250,24
07/14 09:33:22,느타리버섯(느타리버섯(일반)),1kg,13000,24
07/14 09:33:16,느타리버섯(느타리버섯(일반)),1kg,9500,1
07/14 09:33:08,느타리버섯(느타리버섯(일반)),1kg,2000,5
07/14 09:33:02,느타리버섯(느타리버섯(일반)),1kg,3250,3
07/14 09:32:56,느타리버섯(느타리버섯(일반)),1kg,4000,6
07/14 09:32:49,느타리버섯(느타리버섯(일반)),1kg,5500,1
07/14 09:32:43,느타리버섯(느타리버섯(일반)),1kg,5500,1
07/14 09:32:36,느타리버섯(느타리버섯(일반)),1kg,9500,3
07/14 09:32:29,느타리버섯(느타리버섯(일반)),1kg,9500,2
07/14 09:32:23,느타리버섯(느타리버섯(일반)),1kg,5250,2
07/14 09:32:16,느타리버섯(느타리버섯(일반)),1kg,8500,3
07/14 09:32:09,느타리버섯(느타리버섯(일반)),1kg,5000,1
07/14 09:32:04,느타리버섯(느타리버섯(일반)),1kg,2500,4
07/14 09:31:56,느타리버섯(느타리버섯(일반)),1kg,9000,2
07/14 09:31:50,느타리버섯(느타리버섯(일반)),1kg,5750,4
07/14 09:31:43,느타리버섯(느타리버섯(일반)),1kg,8250,1
07/14 09:31:38,느타리버섯(느타리버섯(일반)),1kg,6250,4
07/14 09:31:30,느타리버섯(느타리버섯(일반)),1kg,7750,3
07/14 09:31:22,느타리버섯(느타리버섯(일반)),1kg,7750,5
07/14 09:31:17,느타리버섯(느타리버섯(일반)),1kg,4500,1
07/14 09:31:10,느타리버섯(느타리버섯(일반)),1kg,9000,2
07/14 09:31:04,느타리버섯(느타리버섯(일반)),1kg,9750,4
07/14 09:30:58,느타리버섯(느타리버섯(일반)),1kg,3750,2
07/14 09:30:52,느타리버섯(느타리버섯(일반)),1kg,3250,2
07/14 09:30:46,느타리버섯(느타리버섯(일반)),1kg,2250,1
07/14 09:30:40,느타리버섯(느타리버섯(일반)),1kg,4250,3
07/14 09:30:33,느타리버섯(느타리버섯(일반)),1kg,7750,7
07/14 09:30:27,느타리버섯(느타리버섯(일반)),1kg,2750,5
07/14 09:30:20,느타리버섯(느타리버섯(일반)),1kg,2250,3
07/14 09:30:13,느타리버섯(느타리버섯(일반)),1kg,4500,7
07/14 09:30:08,느타리버섯(느타리버섯(일반)),1kg,5500,13
07/14 08:41:34,느타리버섯(느타리버섯(일반)),1kg,750,100
07/14 08:41:22,느타리버섯(느타리버섯(일반)),1kg,450,400
07/14 08:41:20,느타리버섯(느타리버섯(일반)),1kg,1300,60
07/14 08:41:12,느타리버섯(느타리버섯(일반)),1kg,1400,100
07/14 08:41:10,느타리버섯(느타리버섯(일반)),1kg,1400,60
07/14 08:41:07,느타리버섯(느타리버섯(일반)),1kg,1350,150
07/14 08:41:03,느타리버섯(느타리버섯(일반)),1kg,5000,2
07/14 08:34:01,느타리버섯(원형느타리),1kg,2000,20
07/14 08:34:01,느타리버섯(원형느타리),1kg,2000,20
07/14 08:27:57,느타리버섯(기타느타리버섯),1kg,4100,4
07/14 08:27:51,느타리버섯(기타느타리버섯),1kg,5400,2
07/14 08:27:45,느타리버섯(기타느타리버섯),1kg,6150,8
07/14 08:06:12,느타리버섯(애느타리),1kg,105,50
07/14 08:06:12,느타리버섯(애느타리),1kg,105,90
07/14 08:06:12,느타리버섯(애느타리),1kg,105,30
07/14 08:06:12,느타리버섯(애느타리),1kg,105,150
07/14 08:06:12,느타리버섯(애느타리),1kg,105,240
07/14 08:06:12,느타리버섯(애느타리),1kg,105,300
07/14 08:06:12,느타리버섯(애느타리),1kg,105,200
07/14 08:06:12,느타리버섯(애느타리),1kg,105,140
07/14 08:06:12,느타리버섯(애느타리),1kg,105,30
07/14 08:06:12,느타리버섯(애느타리),1kg,105,140
07/14 08:06:12,느타리버섯(애느타리),1kg,105,200
07/14 08:06:12,느타리버섯(애느타리),1kg,105,30
07/14 08:01:48,느타리버섯(애느타리),1kg,1350,5
07/14 07:52:13,느타리버섯(원형느타리),1kg,1000,10
07/14 07:52:13,느타리버섯(원형느타리),1kg,1000,10
07/14 07:44:02,느타리버섯(원형느타리),1kg,2500,20
07/14 07:33:52,느타리버섯(기타느타리버섯),1kg,12000,2
07/14 07:11:03,느타리버섯(애느타리),1kg,1400,15
07/14 07:10:58,느타리버섯(애느타리),1kg,150,100
07/14 07:10:57,느타리버섯(애느타리),1kg,150,200
07/14 07:10:55,느타리버섯(애느타리),1kg,150,200
07/14 07:06:44,느타리버섯(기타느타리버섯),1kg,500,40
07/14 06:59:44,느타리버섯(느타리버섯(일반)),1kg,500,24
07/14 06:59:44,느타리버섯(느타리버섯(일반)),1kg,2100,60
07/14 06:59:44,느타리버섯(느타리버섯(일반)),1kg,2100,60
07/14 06:59:44,느타리버섯(느타리버섯(일반)),1kg,1600,60
07/14 06:59:44,느타리버섯(느타리버섯(일반)),1kg,500,30
07/14 06:59:44,느타리버섯(느타리버섯(일반)),1kg,2100,60
07/14 06:59:44,느타리버섯(느타리버섯(일반)),1kg,1950,60
07/14 06:59:44,느타리버섯(느타리버섯(일반)),1kg,2050,60
07/14 06:59:43,느타리버섯(느타리버섯(일반)),1kg,1400,60
07/14 06:59:43,느타리버섯(느타리버섯(일반)),1kg,1300,60
07/14 06:59:43,느타리버섯(느타리버섯(일반)),1kg,1450,60
07/14 06:59:43,느타리버섯(느타리버섯(일반)),1kg,1550,60
07/14 06:59:43,느타리버섯(느타리버섯(일반)),1kg,850,40
07/14 06:59:43,느타리버섯(느타리버섯(일반)),1kg,900,40
07/14 06:40:56,느타리버섯(느타리버섯(일반)),1kg,2375,20
07/14 06:28:01,느타리버섯(느타리버섯(일반)),1kg,3500,5
07/14 06:27:57,느타리버섯(느타리버섯(일반)),1kg,3650,5
07/14 06:27:52,느타리버섯(느타리버섯(일반)),1kg,3850,5
07/14 06:27:49,느타리버섯(느타리버섯(일반)),1kg,3750,5
07/14 06:27:45,느타리버섯(느타리버섯(일반)),1kg,3650,5
07/14 06:27:41,느타리버섯(느타리버섯(일반)),1kg,3500,5
07/14 06:27:04,느타리버섯(원형느타리),1kg,3850,20
07/14 06:27:04,느타리버섯(원형느타리),1kg,3850,20
07/14 06:26:58,느타리버섯(원형느타리),1kg,3800,20
07/14 06:26:58,느타리버섯(원형느타리),1kg,3800,20
07/14 06:26:52,느타리버섯(원형느타리),1kg,3750,20
07/14 06:26:52,느타리버섯(원형느타리),1kg,3750,20
07/14 06:25:32,느타리버섯(기타느타리버섯),1kg,750,40
07/14 06:25:13,느타리버섯(기타느타리버섯),1kg,400,20
07/14 06:19:45,느타리버섯(느타리버섯(일반)),1kg,2500,10
07/14 06:19:39,느타리버섯(느타리버섯(일반)),1kg,2500,10
07/14 06:07:22,느타리버섯(기타느타리버섯),1kg,150,100
07/14 06:07:19,느타리버섯(기타느타리버섯),1kg,150,100
07/14 06:07:15,느타리버섯(기타느타리버섯),1kg,150,100
07/14 06:07:12,느타리버섯(기타느타리버섯),1kg,150,100
07/14 06:07:09,느타리버섯(기타느타리버섯),1kg,150,100
07/14 06:07:05,느타리버섯(기타느타리버섯),1kg,150,500
07/14 06:06:55,느타리버섯(기타느타리버섯),1kg,1250,30
07/14 06:06:51,느타리버섯(기타느타리버섯),1kg,1250,10
07/14 06:06:47,느타리버섯(기타느타리버섯),1kg,1250,20
07/14 06:06:43,느타리버섯(기타느타리버섯),1kg,1250,30
07/14 06:01:44,느타리버섯(느타리버섯(일반)),1kg,2200,18
07/14 06:01:40,느타리버섯(느타리버섯(일반)),1kg,2800,27
07/14 06:01:35,느타리버섯(느타리버섯(일반)),1kg,3800,13
07/14 05:58:23,느타리버섯(느타리버섯(일반)),1kg,3750,10
07/14 05:58:16,느타리버섯(느타리버섯(일반)),1kg,4050,9
07/14 05:36:35,느타리버섯(기타느타리버섯),1kg,14000,80
07/14 05:36:27,느타리버섯(느타리버섯(일반)),1kg,5550,7
07/14 05:36:26,느타리버섯(애느타리),1kg,2500,5
07/14 05:36:20,느타리버섯(느타리버섯(일반)),1kg,3975,4
07/14 05:36:04,느타리버섯(느타리버섯(일반)),1kg,5625,4
07/14 05:35:57,느타리버섯(느타리버섯(일반)),1kg,6225,6
07/14 05:35:51,느타리버섯(느타리버섯(일반)),1kg,6475,9
07/14 05:35:16,느타리버섯(기타느타리버섯),1kg,1600,5
07/14 05:34:21,느타리버섯(느타리버섯(일반)),1kg,5650,1
07/14 05:34:15,느타리버섯(느타리버섯(일반)),1kg,6150,2
07/14 05:34:09,느타리버섯(느타리버섯(일반)),1kg,6575,3
07/14 05:34:04,느타리버섯(느타리버섯(일반)),1kg,6575,2
07/14 05:33:57,느타리버섯(느타리버섯(일반)),1kg,6825,6
07/14 05:33:50,느타리버섯(느타리버섯(일반)),1kg,8025,2
07/14 05:33:41,느타리버섯(기타느타리버섯),1kg,1400,40
07/14 05:33:37,느타리버섯(기타느타리버섯),1kg,1400,40
07/14 05:31:53,느타리버섯(기타느타리버섯),1kg,125,500
07/14 05:31:53,느타리버섯(기타느타리버섯),1kg,130,500
07/14 05:31:35,느타리버섯(기타느타리버섯),1kg,2000,30
07/14 05:31:31,느타리버섯(기타느타리버섯),1kg,155,200
07/14 05:31:26,느타리버섯(기타느타리버섯),1kg,140,600
07/14 05:31:22,느타리버섯(기타느타리버섯),1kg,150,600
07/14 05:31:18,느타리버섯(기타느타리버섯),1kg,150,600
07/14 05:31:15,느타리버섯(기타느타리버섯),1kg,160,300
07/14 05:31:11,느타리버섯(기타느타리버섯),1kg,155,600
07/14 05:31:11,느타리버섯(애느타리),1kg,750,14
07/14 05:31:08,느타리버섯(기타느타리버섯),1kg,155,600
07/14 05:31:02,느타리버섯(기타느타리버섯),1kg,1550,50
07/14 05:31:02,느타리버섯(애느타리),1kg,1800,20
07/14 05:30:58,느타리버섯(기타느타리버섯),1kg,1600,50
07/14 05:30:54,느타리버섯(애느타리),1kg,1900,20
07/14 05:30:53,느타리버섯(기타느타리버섯),1kg,1750,50
07/14 05:30:47,느타리버섯(애느타리),1kg,2050,20
07/14 05:30:43,느타리버섯(애느타리),1kg,2000,20
07/14 05:25:00,느타리버섯(기타느타리버섯),1kg,900,4
07/14 05:24:39,느타리버섯(기타느타리버섯),1kg,700,3
07/14 05:22:25,느타리버섯(기타느타리버섯),1kg,1300,5
07/14 05:22:25,느타리버섯(기타느타리버섯),1kg,600,2
07/14 05:22:25,느타리버섯(기타느타리버섯),1kg,900,1
07/14 05:21:46,느타리버섯(기타느타리버섯),1kg,900,2
07/14 05:21:20,느타리버섯(기타느타리버섯),1kg,900,5
07/14 05:21:08,느타리버섯(기타느타리버섯),1kg,900,7
07/14 05:18:00,느타리버섯(기타느타리버섯),1kg,2250,10
07/14 05:17:56,느타리버섯(기타느타리버섯),1kg,2100,10
07/14 05:17:24,느타리버섯(기타느타리버섯),1kg,1600,8
07/14 05:17:04,느타리버섯(기타느타리버섯),1kg,900,1
07/14 05:17:04,느타리버섯(기타느타리버섯),1kg,1600,5
07/14 05:16:45,느타리버섯(애느타리),1kg,1500,30
07/14 05:15:29,느타리버섯(애느타리),1kg,1650,40
07/14 05:15:26,느타리버섯(느타리버섯(일반)),1kg,1500,50
07/14 05:15:26,느타리버섯(느타리버섯(일반)),1kg,1500,100
07/14 05:15:26,느타리버섯(느타리버섯(일반)),1kg,1500,50
07/14 05:15:26,느타리버섯(느타리버섯(일반)),1kg,1500,50
07/14 05:15:26,느타리버섯(느타리버섯(일반)),1kg,1500,100
07/14 05:15:26,느타리버섯(느타리버섯(일반)),1kg,1500,150
07/14 05:14:58,느타리버섯(기타느타리버섯),1kg,1750,16
07/14 05:14:49,느타리버섯(느타리버섯(일반)),1kg,1250,50
07/14 05:14:49,느타리버섯(느타리버섯(일반)),1kg,1250,100
07/14 05:14:49,느타리버섯(느타리버섯(일반)),1kg,1250,150
07/14 05:14:46,느타리버섯(기타느타리버섯),1kg,2000,3
07/14 05:14:40,느타리버섯(기타느타리버섯),1kg,6250,14
07/14 05:14:14,느타리버섯(기타느타리버섯),1kg,7000,20
07/14 05:06:40,느타리버섯(기타느타리버섯),1kg,1800,25
07/14 05:06:25,느타리버섯(기타느타리버섯),1kg,1750,30
07/14 05:06:13,느타리버섯(기타느타리버섯),1kg,2650,30
07/14 05:06:06,느타리버섯(기타느타리버섯),1kg,3300,3
07/14 05:06:01,느타리버섯(기타느타리버섯),1kg,5050,16
07/14 05:05:56,느타리버섯(기타느타리버섯),1kg,2800,11
07/14 05:05:33,느타리버섯(기타느타리버섯),1kg,125,200
07/14 05:05:28,느타리버섯(기타느타리버섯),1kg,130,300
07/14 05:02:03,느타리버섯(애느타리),1kg,1750,10
07/14 05:02:03,느타리버섯(애느타리),1kg,1750,10
07/14 05:02:03,느타리버섯(애느타리),1kg,1750,10
07/14 05:02:03,느타리버섯(애느타리),1kg,1500,10
07/14 05:02:03,느타리버섯(애느타리),1kg,1500,10
07/14 05:02:03,느타리버섯(애느타리),1kg,1500,10
07/14 05:02:03,느타리버섯(애느타리),1kg,1500,10
07/14 05:02:03,느타리버섯(애느타리),1kg,1750,10
07/14 05:02:03,느타리버섯(애느타리),1kg,1500,10
07/14 05:02:03,느타리버섯(애느타리),1kg,1500,5
07/14 05:02:03,느타리버섯(애느타리),1kg,1750,10
07/14 05:02:02,느타리버섯(애느타리),1kg,1500,5
07/14 05:02:02,느타리버섯(애느타리),1kg,1500,30
07/14 05:02:02,느타리버섯(애느타리),1kg,1500,10
07/14 05:02:02,느타리버섯(애느타리),1kg,1500,5
07/14 05:02:02,느타리버섯(애느타리),1kg,1500,10
07/14 05:02:02,느타리버섯(애느타리),1kg,1750,10
07/14 05:02:02,느타리버섯(애느타리),1kg,1500,5
07/14 04:42:51,느타리버섯(느타리버섯(일반)),1kg,4300,6
07/14 04:42:46,느타리버섯(느타리버섯(일반)),1kg,5750,8
07/14 04:42:32,느타리버섯(느타리버섯(일반)),1kg,3800,2
07/14 04:42:28,느타리버섯(느타리버섯(일반)),1kg,5250,6
07/14 04:42:10,느타리버섯(애느타리),1kg,1400,40
07/14 04:42:05,느타리버섯(애느타리),1kg,1300,40
07/14 04:41:57,느타리버섯(애느타리),1kg,155,330
07/14 04:41:41,느타리버섯(애느타리),1kg,140,250
07/14 04:41:36,느타리버섯(애느타리),1kg,140,250
07/14 04:41:32,느타리버섯(애느타리),1kg,140,250
07/14 04:41:28,느타리버섯(애느타리),1kg,135,250
07/14 04:41:19,느타리버섯(애느타리),1kg,140,250
07/14 04:41:15,느타리버섯(애느타리),1kg,140,250
07/14 04:41:10,느타리버섯(애느타리),1kg,140,250
07/14 04:41:06,느타리버섯(애느타리),1kg,135,250
07/14 04:40:54,느타리버섯(애느타리),1kg,1400,25
07/14 04:40:49,느타리버섯(애느타리),1kg,1350,25
07/14 04:40:45,느타리버섯(애느타리),1kg,1350,25
07/14 04:40:41,느타리버섯(애느타리),1kg,1300,25
07/14 04:37:27,느타리버섯(기타느타리버섯),1kg,550,1
07/14 04:37:17,느타리버섯(기타느타리버섯),1kg,5700,8
07/14 04:37:12,느타리버섯(기타느타리버섯),1kg,4575,12
07/14 04:37:05,느타리버섯(기타느타리버섯),1kg,7450,3
07/14 04:36:49,느타리버섯(기타느타리버섯),1kg,4000,7
07/14 04:36:44,느타리버섯(기타느타리버섯),1kg,3525,13
07/14 04:36:37,느타리버섯(기타느타리버섯),1kg,5000,21
07/14 04:36:31,느타리버섯(기타느타리버섯),1kg,6950,1
07/14 04:26:09,느타리버섯(기타느타리버섯),1kg,2750,13
07/14 04:26:09,느타리버섯(기타느타리버섯),1kg,2750,18
07/14 04:26:09,느타리버섯(기타느타리버섯),1kg,2750,6
07/14 04:12:31,느타리버섯(기타느타리버섯),1kg,250,7
07/14 04:12:21,느타리버섯(기타느타리버섯),1kg,7000,1
07/14 04:12:21,느타리버섯(기타느타리버섯),1kg,7500,1
07/14 04:12:21,느타리버섯(기타느타리버섯),1kg,2000,10
07/14 04:12:21,느타리버섯(기타느타리버섯),1kg,12000,1
07/14 04:10:51,느타리버섯(기타느타리버섯),1kg,2000,54
07/14 04:10:47,느타리버섯(기타느타리버섯),1kg,2000,50
07/14 04:10:43,느타리버섯(기타느타리버섯),1kg,1850,50
07/14 04:10:36,느타리버섯(기타느타리버섯),1kg,1650,50
07/14 04:10:30,느타리버섯(기타느타리버섯),1kg,1500,50
07/14 04:10:24,느타리버섯(기타느타리버섯),1kg,175,500
07/14 04:10:19,느타리버섯(기타느타리버섯),1kg,165,500
07/14 04:10:12,느타리버섯(기타느타리버섯),1kg,650,35
07/14 04:10:07,느타리버섯(기타느타리버섯),1kg,600,35
07/14 04:09:59,느타리버섯(기타느타리버섯),1kg,165,500
07/14 04:09:54,느타리버섯(기타느타리버섯),1kg,155,500
07/14 04:09:54,느타리버섯(기타느타리버섯),1kg,1750,15
07/14 04:09:54,느타리버섯(기타느타리버섯),1kg,2000,15
07/14 04:09:53,느타리버섯(기타느타리버섯),1kg,155,500
07/14 04:09:50,느타리버섯(기타느타리버섯),1kg,150,500
07/14 04:09:47,느타리버섯(기타느타리버섯),1kg,140,500
07/14 04:09:44,느타리버섯(기타느타리버섯),1kg,135,500
07/14 04:09:38,느타리버섯(기타느타리버섯),1kg,800,22
07/14 04:09:30,느타리버섯(기타느타리버섯),1kg,140,410
07/14 04:09:28,느타리버섯(기타느타리버섯),1kg,135,400
07/14 04:09:25,느타리버섯(기타느타리버섯),1kg,125,400
07/14 04:08:35,느타리버섯(기타느타리버섯),1kg,5000,2
07/14 04:08:35,느타리버섯(기타느타리버섯),1kg,2250,5
07/14 04:08:22,느타리버섯(기타느타리버섯),1kg,1300,30
07/14 04:08:13,느타리버섯(기타느타리버섯),1kg,4000,2
07/14 04:08:06,느타리버섯(기타느타리버섯),1kg,2500,5
07/14 04:07:47,느타리버섯(애느타리),1kg,125,200
07/14 04:07:38,느타리버섯(애느타리),1kg,125,200
07/14 04:07:34,느타리버섯(애느타리),1kg,125,200
07/14 04:07:29,느타리버섯(애느타리),1kg,125,200
07/14 04:07:24,느타리버섯(애느타리),1kg,125,200
07/14 04:07:18,느타리버섯(애느타리),1kg,1350,20
07/14 04:07:13,느타리버섯(애느타리),1kg,1300,20
07/14 04:07:08,느타리버섯(애느타리),1kg,1300,20
07/14 04:07:04,느타리버섯(애느타리),1kg,1250,20
07/14 04:06:59,느타리버섯(애느타리),1kg,1250,20
07/14 04:06:40,느타리버섯(애느타리),1kg,1400,20
07/14 04:06:35,느타리버섯(애느타리),1kg,1400,20
07/14 04:06:30,느타리버섯(애느타리),1kg,1400,20
07/14 04:06:25,느타리버섯(애느타리),1kg,1350,20
07/14 04:06:20,느타리버섯(애느타리),1kg,1300,20
07/14 04:03:58,느타리버섯(느타리버섯(일반)),1kg,4050,2
07/14 04:03:56,느타리버섯(느타리버섯(일반)),1kg,1400,25
07/14 04:03:52,느타리버섯(느타리버섯(일반)),1kg,1450,25
07/14 04:03:48,느타리버섯(느타리버섯(일반)),1kg,3775,5
07/14 04:03:45,느타리버섯(느타리버섯(일반)),1kg,1400,25
07/14 04:03:42,느타리버섯(느타리버섯(일반)),1kg,3875,5
07/14 04:03:40,느타리버섯(느타리버섯(일반)),1kg,1500,25
07/14 04:03:33,느타리버섯(느타리버섯(일반)),1kg,5550,6
07/14 04:03:33,느타리버섯(느타리버섯(일반)),1kg,1450,25
07/14 04:03:27,느타리버섯(느타리버섯(일반)),1kg,5700,7
07/14 04:03:27,느타리버섯(느타리버섯(일반)),1kg,1400,25
07/14 04:03:22,느타리버섯(느타리버섯(일반)),1kg,5575,7
07/14 04:03:12,느타리버섯(느타리버섯(일반)),1kg,7050,5
07/14 04:03:05,느타리버섯(느타리버섯(일반)),1kg,6925,5
07/14 03:59:05,느타리버섯(기타느타리버섯),1kg,3150,6
07/14 03:59:00,느타리버섯(기타느타리버섯),1kg,4000,3
07/14 03:58:55,느타리버섯(기타느타리버섯),1kg,4750,7
07/14 03:58:27,느타리버섯(기타느타리버섯),1kg,6650,1
07/14 03:58:25,느타리버섯(기타느타리버섯),1kg,6650,6
07/14 03:58:15,느타리버섯(기타느타리버섯),1kg,7250,1
07/14 03:58:12,느타리버섯(기타느타리버섯),1kg,7250,8
07/14 03:58:03,느타리버섯(기타느타리버섯),1kg,6500,1
07/14 03:57:55,느타리버섯(기타느타리버섯),1kg,1750,4
07/14 03:57:50,느타리버섯(기타느타리버섯),1kg,4000,8
07/14 03:57:47,느타리버섯(기타느타리버섯),1kg,3600,7
07/14 03:57:42,느타리버섯(기타느타리버섯),1kg,6650,6
07/14 03:57:36,느타리버섯(기타느타리버섯),1kg,7150,4
07/14 03:57:30,느타리버섯(기타느타리버섯),1kg,3300,12
07/14 03:57:26,느타리버섯(기타느타리버섯),1kg,4600,36
07/14 03:57:24,느타리버섯(기타느타리버섯),1kg,4500,36
07/14 03:57:17,느타리버섯(기타느타리버섯),1kg,7500,11
07/14 03:57:10,느타리버섯(기타느타리버섯),1kg,8800,9
07/14 03:57:02,느타리버섯(기타느타리버섯),1kg,3750,6
07/14 03:56:58,느타리버섯(기타느타리버섯),1kg,4500,34
07/14 03:56:54,느타리버섯(기타느타리버섯),1kg,6575,5
07/14 03:56:50,느타리버섯(기타느타리버섯),1kg,7075,8
07/14 03:56:46,느타리버섯(기타느타리버섯),1kg,8000,7
07/14 03:56:37,느타리버섯(기타느타리버섯),1kg,2650,3
07/14 03:56:33,느타리버섯(기타느타리버섯),1kg,3800,19
07/14 03:56:29,느타리버섯(기타느타리버섯),1kg,6900,9
07/14 03:56:25,느타리버섯(기타느타리버섯),1kg,7500,12
07/14 03:56:12,느타리버섯(기타느타리버섯),1kg,3000,27
07/14 03:56:03,느타리버섯(기타느타리버섯),1kg,3100,10
07/14 03:55:16,느타리버섯(기타느타리버섯),1kg,3600,20
07/14 03:55:10,느타리버섯(기타느타리버섯),1kg,11800,10
07/14 03:55:08,느타리버섯(기타느타리버섯),1kg,11750,10
07/14 03:55:01,느타리버섯(기타느타리버섯),1kg,12400,10
07/14 03:55:00,느타리버섯(기타느타리버섯),1kg,12000,10
07/14 03:53:43,느타리버섯(느타리버섯(일반)),1kg,2750,10
07/14 03:53:43,느타리버섯(느타리버섯(일반)),1kg,2750,10
07/14 03:53:43,느타리버섯(느타리버섯(일반)),1kg,2750,10
07/14 03:53:43,느타리버섯(느타리버섯(일반)),1kg,2750,10
07/14 03:53:43,느타리버섯(느타리버섯(일반)),1kg,2750,15
07/14 03:53:43,느타리버섯(느타리버섯(일반)),1kg,2750,20
07/14 03:53:43,느타리버섯(느타리버섯(일반)),1kg,2750,20
07/14 03:53:35,느타리버섯(기타느타리버섯),1kg,1500,4
07/14 03:53:27,느타리버섯(기타느타리버섯),1kg,2500,3
07/14 03:50:47,느타리버섯(느타리버섯(일반)),1kg,2110,7
07/14 03:50:45,느타리버섯(느타리버섯(일반)),1kg,4500,4
07/14 03:50:42,느타리버섯(기타느타리버섯),1kg,2500,13
07/14 03:50:39,느타리버섯(느타리버섯(일반)),1kg,5500,8
07/14 03:50:10,느타리버섯(애느타리),1kg,1600,9
07/14 03:49:57,느타리버섯(애느타리),1kg,1600,9
07/14 03:48:40,느타리버섯(애느타리),1kg,115,200
07/14 03:48:40,느타리버섯(애느타리),1kg,115,300
07/14 03:48:40,느타리버섯(애느타리),1kg,115,100
07/14 03:48:40,느타리버섯(애느타리),1kg,115,100
07/14 03:48:40,느타리버섯(애느타리),1kg,115,200
07/14 03:48:40,느타리버섯(애느타리),1kg,115,100
07/14 03:46:53,느타리버섯(애느타리),1kg,1000,20
07/14 03:46:51,느타리버섯(애느타리),1kg,1000,40
07/14 03:46:49,느타리버섯(애느타리),1kg,900,40
07/14 03:46:43,느타리버섯(애느타리),1kg,165,400
07/14 03:46:41,느타리버섯(애느타리),1kg,160,400
07/14 03:46:40,느타리버섯(애느타리),1kg,155,400
07/14 03:46:38,느타리버섯(애느타리),1kg,155,400
07/14 03:46:37,느타리버섯(애느타리),1kg,155,400
07/14 03:46:35,느타리버섯(애느타리),1kg,150,400
07/14 03:46:34,느타리버섯(애느타리),1kg,150,400
07/14 03:46:32,느타리버섯(애느타리),1kg,150,400
07/14 03:46:31,느타리버섯(애느타리),1kg,150,400
07/14 03:46:29,느타리버섯(애느타리),1kg,145,400
07/14 03:46:27,느타리버섯(애느타리),1kg,145,400
07/14 03:46:26,느타리버섯(애느타리),1kg,140,400
07/14 03:46:24,느타리버섯(애느타리),1kg,140,400
07/14 03:46:22,느타리버섯(애느타리),1kg,130,400
07/14 03:46:20,느타리버섯(애느타리),1kg,130,400
07/14 03:46:07,느타리버섯(애느타리),1kg,1700,20
07/14 03:46:04,느타리버섯(애느타리),1kg,1500,40
07/14 03:46:02,느타리버섯(애느타리),1kg,1500,40
07/14 03:45:56,느타리버섯(애느타리),1kg,125,200
07/14 03:45:51,느타리버섯(애느타리),1kg,115,400
07/14 03:45:48,느타리버섯(애느타리),1kg,110,400
07/14 03:45:35,느타리버섯(애느타리),1kg,500,24
07/14 03:45:27,느타리버섯(애느타리),1kg,1500,34
07/14 03:45:25,느타리버섯(애느타리),1kg,1450,40
07/14 03:45:23,느타리버섯(애느타리),1kg,1350,40
07/14 03:45:22,느타리버섯(애느타리),1kg,1250,40
07/14 03:45:13,느타리버섯(애느타리),1kg,115,410
07/14 03:45:10,느타리버섯(애느타리),1kg,110,400
07/14 03:45:08,느타리버섯(애느타리),1kg,105,400
07/14 03:44:19,느타리버섯(느타리버섯(일반)),1kg,3165,5
07/14 03:41:37,느타리버섯(애느타리),1kg,1500,20
07/14 03:41:35,느타리버섯(애느타리),1kg,1500,20
07/14 03:41:33,느타리버섯(애느타리),1kg,1500,20
07/14 03:41:32,느타리버섯(애느타리),1kg,1500,20
07/14 03:41:30,느타리버섯(애느타리),1kg,1500,20
07/14 03:41:05,느타리버섯(애느타리),1kg,1750,28
07/14 03:40:59,느타리버섯(애느타리),1kg,1850,22
07/14 03:40:46,느타리버섯(애느타리),1kg,1850,20
07/14 03:40:30,느타리버섯(애느타리),1kg,2000,10
07/14 03:40:18,느타리버섯(애느타리),1kg,2000,20
07/14 03:39:51,느타리버섯(애느타리),1kg,1500,20
07/14 03:39:48,느타리버섯(애느타리),1kg,1550,30
07/14 03:39:47,느타리버섯(애느타리),1kg,1550,30
07/14 03:39:39,느타리버섯(애느타리),1kg,1500,30
07/14 03:39:38,느타리버섯(애느타리),1kg,1500,30
07/14 03:39:36,느타리버섯(애느타리),1kg,1500,30
07/14 03:39:35,느타리버섯(애느타리),1kg,1500,30
07/14 03:39:28,느타리버섯(애느타리),1kg,1100,40
07/14 03:39:25,느타리버섯(애느타리),1kg,1100,30
07/14 03:39:10,느타리버섯(애느타리),1kg,1150,30
07/14 03:38:38,느타리버섯(느타리버섯(일반)),1kg,6250,4
07/14 03:38:34,느타리버섯(느타리버섯(일반)),1kg,7500,8
07/14 03:38:28,느타리버섯(느타리버섯(일반)),1kg,5500,6
07/14 03:38:25,느타리버섯(느타리버섯(일반)),1kg,7500,8
07/14 03:37:46,느타리버섯(느타리버섯(일반)),1kg,6000,5
07/14 03:37:42,느타리버섯(느타리버섯(일반)),1kg,7750,4
07/14 03:37:37,느타리버섯(느타리버섯(일반)),1kg,8500,6
07/14 03:37:32,느타리버섯(느타리버섯(일반)),1kg,4150,6
07/14 03:37:23,느타리버섯(느타리버섯(일반)),1kg,6250,11
07/14 03:37:21,느타리버섯(느타리버섯(일반)),1kg,7075,5
07/14 03:37:13,느타리버섯(느타리버섯(일반)),1kg,7500,5
07/14 03:36:50,느타리버섯(느타리버섯(일반)),1kg,3695,5
07/14 03:36:50,느타리버섯(느타리버섯(일반)),1kg,2110,5
07/14 03:36:00,느타리버섯(기타느타리버섯),1kg,275,480
07/14 03:31:11,느타리버섯(애느타리),1kg,2250,15
07/14 03:31:09,느타리버섯(애느타리),1kg,2250,15
07/14 03:31:06,느타리버섯(애느타리),1kg,2300,15
07/14 03:31:02,느타리버섯(애느타리),1kg,2300,15
07/14 03:31:00,느타리버섯(애느타리),1kg,2300,15
07/14 03:30:58,느타리버섯(애느타리),1kg,2300,15
07/14 03:30:55,느타리버섯(애느타리),1kg,2300,15
07/14 03:30:54,느타리버섯(애느타리),1kg,2250,15
07/14 03:30:52,느타리버섯(애느타리),1kg,2250,20
07/14 03:30:51,느타리버섯(애느타리),1kg,2250,20
07/14 03:30:49,느타리버섯(애느타리),1kg,2250,20
07/14 03:30:47,느타리버섯(애느타리),1kg,2250,20
07/14 03:29:05,느타리버섯(기타느타리버섯),1kg,2900,40
07/14 03:28:58,느타리버섯(기타느타리버섯),1kg,2800,40
07/14 03:28:54,느타리버섯(기타느타리버섯),1kg,2750,40
07/14 03:28:49,느타리버섯(기타느타리버섯),1kg,2700,40
07/14 03:28:44,느타리버섯(기타느타리버섯),1kg,2550,40
07/14 03:15:29,느타리버섯(느타리버섯(일반)),1kg,2350,40
07/14 03:15:04,느타리버섯(애느타리),1kg,2600,10
07/14 03:13:45,느타리버섯(애느타리),1kg,2750,10
07/14 03:13:35,느타리버섯(느타리버섯(일반)),1kg,2500,10
07/14 03:13:29,느타리버섯(느타리버섯(일반)),1kg,3050,50
07/14 03:13:25,느타리버섯(느타리버섯(일반)),1kg,2950,50
07/14 03:13:15,느타리버섯(느타리버섯(일반)),1kg,298000,50
07/14 03:13:11,느타리버섯(느타리버섯(일반)),1kg,2850,40
07/14 03:11:12,느타리버섯(느타리버섯(일반)),1kg,2750,10
07/14 03:11:09,느타리버섯(느타리버섯(일반)),1kg,2700,15
07/14 03:11:06,느타리버섯(느타리버섯(일반)),1kg,2700,15
07/14 03:11:02,느타리버섯(느타리버섯(일반)),1kg,2650,15
07/14 03:11:00,느타리버섯(느타리버섯(일반)),1kg,2500,15
07/14 03:10:57,느타리버섯(느타리버섯(일반)),1kg,2500,20
07/14 03:08:23,느타리버섯(애느타리),1kg,2750,10
07/14 03:08:09,느타리버섯(애느타리),1kg,2600,10
07/14 03:06:02,느타리버섯(느타리버섯(일반)),1kg,2222,15
07/14 03:06:02,느타리버섯(느타리버섯(일반)),1kg,1850,10
07/14 03:03:48,느타리버섯(기타느타리버섯),1kg,4500,18
07/14 03:03:43,느타리버섯(기타느타리버섯),1kg,5000,20
07/14 03:03:37,느타리버섯(기타느타리버섯),1kg,6500,23
07/14 02:54:32,느타리버섯(느타리버섯(일반)),1kg,2750,20
07/14 02:54:32,느타리버섯(느타리버섯(일반)),1kg,2750,20
07/14 02:54:32,느타리버섯(느타리버섯(일반)),1kg,2750,15
07/14 02:54:32,느타리버섯(느타리버섯(일반)),1kg,2750,10
07/14 02:54:32,느타리버섯(느타리버섯(일반)),1kg,2750,5
07/14 02:54:32,느타리버섯(느타리버섯(일반)),1kg,2750,5
07/14 02:54:32,느타리버섯(느타리버섯(일반)),1kg,2750,5
07/14 02:54:32,느타리버섯(느타리버섯(일반)),1kg,2750,10
07/14 02:54:32,느타리버섯(느타리버섯(일반)),1kg,2750,10
07/14 02:53:40,느타리버섯(느타리버섯(일반)),1kg,2500,35
07/14 02:53:40,느타리버섯(느타리버섯(일반)),1kg,2500,10
07/14 02:53:40,느타리버섯(느타리버섯(일반)),1kg,2500,5
07/14 02:53:40,느타리버섯(느타리버섯(일반)),1kg,2500,10
07/14 02:53:40,느타리버섯(느타리버섯(일반)),1kg,2500,5
07/14 02:53:40,느타리버섯(느타리버섯(일반)),1kg,2500,10
07/14 02:53:40,느타리버섯(느타리버섯(일반)),1kg,2500,5
07/14 02:53:40,느타리버섯(느타리버섯(일반)),1kg,2500,10
07/14 02:53:40,느타리버섯(느타리버섯(일반)),1kg,2500,5
07/14 02:53:39,느타리버섯(느타리버섯(일반)),1kg,2500,5
07/14 02:53:39,느타리버섯(느타리버섯(일반)),1kg,2500,5
07/14 02:49:52,느타리버섯(느타리버섯(일반)),1kg,2750,5
07/14 02:49:47,느타리버섯(느타리버섯(일반)),1kg,2500,5
07/14 02:46:22,느타리버섯(느타리버섯(일반)),1kg,1200,15
07/14 02:46:22,느타리버섯(느타리버섯(일반)),1kg,1200,10
07/14 02:46:22,느타리버섯(느타리버섯(일반)),1kg,1300,15
07/14 02:46:22,느타리버섯(느타리버섯(일반)),1kg,1250,15
07/14 02:46:22,느타리버섯(느타리버섯(일반)),1kg,1250,15
07/14 02:41:45,느타리버섯(느타리버섯),1kg,650,20
07/14 02:41:43,느타리버섯(느타리버섯),1kg,650,20
07/14 02:41:39,느타리버섯(느타리버섯),1kg,600,20
07/14 02:41:37,느타리버섯(느타리버섯),1kg,600,20
07/14 02:41:11,느타리버섯(느타리버섯),1kg,1300,20
07/14 02:41:08,느타리버섯(느타리버섯),1kg,1250,20
07/14 02:41:06,느타리버섯(느타리버섯),1kg,1200,20
07/14 02:41:04,느타리버섯(느타리버섯),1kg,1200,30
07/14 02:40:51,느타리버섯(느타리버섯),1kg,150,200
07/14 02:40:46,느타리버섯(느타리버섯),1kg,140,200
07/14 02:40:17,느타리버섯(기타느타리버섯),1kg,1150,17
07/14 02:40:15,느타리버섯(기타느타리버섯),1kg,1100,17
07/14 02:40:12,느타리버섯(기타느타리버섯),1kg,1100,17
07/14 02:40:10,느타리버섯(느타리버섯),1kg,2000,3
07/14 02:40:09,느타리버섯(기타느타리버섯),1kg,1100,17
07/14 02:40:07,느타리버섯(느타리버섯),1kg,3300,7
07/14 02:40:04,느타리버섯(느타리버섯),1kg,7200,2
07/14 02:39:54,느타리버섯(느타리버섯),1kg,8000,1
07/14 02:39:23,느타리버섯(기타느타리버섯),1kg,1250,17
07/14 02:39:19,느타리버섯(기타느타리버섯),1kg,1250,18
07/14 02:33:00,느타리버섯(느타리버섯(일반)),1kg,1800,10
07/14 02:32:56,느타리버섯(느타리버섯(일반)),1kg,1750,10
07/14 02:32:53,느타리버섯(느타리버섯(일반)),1kg,1800,10
07/14 02:32:53,느타리버섯(느타리버섯(일반)),1kg,1800,10
07/14 02:32:45,느타리버섯(느타리버섯(일반)),1kg,1800,10
07/14 02:32:40,느타리버섯(느타리버섯(일반)),1kg,1800,10
07/14 02:32:37,느타리버섯(느타리버섯(일반)),1kg,1750,10
07/14 02:32:32,느타리버섯(느타리버섯(일반)),1kg,1750,10
07/14 02:32:30,느타리버섯(느타리버섯(일반)),1kg,1750,10
07/14 02:32:26,느타리버섯(느타리버섯(일반)),1kg,1750,10
07/14 02:27:52,느타리버섯(애느타리),1kg,1150,20
07/14 02:27:49,느타리버섯(애느타리),1kg,1150,20
07/14 02:27:46,느타리버섯(애느타리),1kg,1150,30
07/14 02:27:42,느타리버섯(애느타리),1kg,1150,30
07/14 02:27:38,느타리버섯(애느타리),1kg,1250,30
07/14 02:27:35,느타리버섯(애느타리),1kg,1250,30
07/14 02:27:30,느타리버섯(애느타리),1kg,1250,30
07/14 02:27:21,느타리버섯(애느타리),1kg,1250,30
07/14 02:27:18,느타리버섯(애느타리),1kg,140,210
07/14 02:27:14,느타리버섯(애느타리),1kg,135,200
07/14 02:27:07,느타리버섯(애느타리),1kg,130,200
07/14 02:27:01,느타리버섯(애느타리),1kg,120,200
07/14 02:26:57,느타리버섯(애느타리),1kg,115,200
07/14 02:26:47,느타리버섯(애느타리),1kg,110,200
07/14 02:03:15,느타리버섯(애느타리),1kg,2250,10
07/14 02:03:06,느타리버섯(애느타리),1kg,2250,10
07/14 01:56:43,느타리버섯(애느타리),1kg,1500,5
07/14 01:56:41,느타리버섯(애느타리),1kg,1500,5
07/14 01:56:40,느타리버섯(애느타리),1kg,1500,10
07/14 01:56:33,느타리버섯(애느타리),1kg,2500,15
07/14 01:56:29,느타리버섯(애느타리),1kg,2500,30
07/14 01:56:27,느타리버섯(애느타리),1kg,2500,5
07/14 01:56:25,느타리버섯(애느타리),1kg,2500,5
07/14 01:56:23,느타리버섯(애느타리),1kg,2500,10
07/14 01:56:21,느타리버섯(애느타리),1kg,2500,10
07/14 01:48:00,느타리버섯(느타리버섯(일반)),1kg,2000,50
07/14 01:47:56,느타리버섯(느타리버섯(일반)),1kg,1900,50
07/14 01:47:51,느타리버섯(느타리버섯(일반)),1kg,1850,50
07/14 01:47:47,느타리버섯(느타리버섯(일반)),1kg,1850,50
07/14 01:47:42,느타리버섯(느타리버섯(일반)),1kg,1850,50
07/14 01:47:38,느타리버섯(느타리버섯(일반)),1kg,1850,50
07/14 01:47:34,느타리버섯(느타리버섯(일반)),1kg,1800,50
07/14 01:47:29,느타리버섯(느타리버섯(일반)),1kg,1750,50
07/14 01:47:25,느타리버섯(느타리버섯(일반)),1kg,1700,50
07/14 01:47:18,느타리버섯(느타리버섯(일반)),1kg,2150,50
07/14 01:47:13,느타리버섯(느타리버섯(일반)),1kg,2150,50
07/14 01:47:09,느타리버섯(느타리버섯(일반)),1kg,2050,50
07/14 01:47:02,느타리버섯(느타리버섯(일반)),1kg,2300,26
07/14 01:46:57,느타리버섯(느타리버섯(일반)),1kg,2250,25
07/14 01:46:52,느타리버섯(느타리버섯(일반)),1kg,2150,25
07/14 01:46:47,느타리버섯(느타리버섯(일반)),1kg,2050,25
07/14 01:46:40,느타리버섯(느타리버섯(일반)),1kg,1800,55
07/14 01:46:35,느타리버섯(느타리버섯(일반)),1kg,1900,55
07/14 01:46:30,느타리버섯(느타리버섯(일반)),1kg,2000,55
07/14 01:46:26,느타리버섯(느타리버섯(일반)),1kg,2150,55
07/14 01:46:16,느타리버섯(느타리버섯(일반)),1kg,2400,50
07/14 01:46:11,느타리버섯(느타리버섯(일반)),1kg,2350,50
07/14 01:46:07,느타리버섯(느타리버섯(일반)),1kg,2350,60
07/14 01:46:02,느타리버섯(느타리버섯(일반)),1kg,2350,60
07/14 01:45:58,느타리버섯(느타리버섯(일반)),1kg,2400,60
07/14 01:45:54,느타리버섯(느타리버섯(일반)),1kg,2450,60
07/14 01:45:50,느타리버섯(느타리버섯(일반)),1kg,2300,60
07/14 01:45:42,느타리버섯(느타리버섯(일반)),1kg,1300,52
07/14 01:45:37,느타리버섯(느타리버섯(일반)),1kg,1300,51
07/14 01:45:33,느타리버섯(느타리버섯(일반)),1kg,1250,51
07/14 01:41:13,느타리버섯(기타느타리버섯),1kg,4250,36
07/14 01:41:02,느타리버섯(기타느타리버섯),1kg,1050,3
07/14 01:41:02,느타리버섯(기타느타리버섯),1kg,2250,30
07/14 01:37:41,느타리버섯(기타느타리버섯),1kg,2000,8
07/14 01:37:21,느타리버섯(기타느타리버섯),1kg,2000,10
07/14 01:35:18,느타리버섯(기타느타리버섯),1kg,3000,5
07/14 01:29:50,느타리버섯(느타리버섯(일반)),1kg,1700,20
07/14 01:27:22,느타리버섯(기타느타리버섯),1kg,3250,2
07/14 01:27:22,느타리버섯(기타느타리버섯),1kg,2500,1
07/14 01:27:22,느타리버섯(기타느타리버섯),1kg,2000,20
07/14 01:20:22,느타리버섯(기타느타리버섯),1kg,1582,40
07/14 01:20:22,느타리버섯(기타느타리버섯),1kg,4220,1
07/14 01:09:50,느타리버섯(느타리버섯(일반)),1kg,1750,10
07/14 01:09:47,느타리버섯(느타리버섯(일반)),1kg,1750,45
07/14 01:09:41,느타리버섯(느타리버섯(일반)),1kg,1750,2
07/14 01:09:38,느타리버섯(느타리버섯(일반)),1kg,1500,18
07/14 01:09:35,느타리버섯(느타리버섯(일반)),1kg,1750,2
07/14 01:09:32,느타리버섯(느타리버섯(일반)),1kg,1750,5
07/14 01:09:30,느타리버섯(느타리버섯(일반)),1kg,1750,10
07/14 01:09:28,느타리버섯(느타리버섯(일반)),1kg,1750,15
07/14 01:09:23,느타리버섯(느타리버섯(일반)),1kg,1500,40
07/14 01:09:21,느타리버섯(느타리버섯(일반)),1kg,1750,50
07/14 01:09:14,느타리버섯(느타리버섯(일반)),1kg,1750,40
07/14 01:09:11,느타리버섯(느타리버섯(일반)),1kg,13400,2
07/14 01:09:08,느타리버섯(느타리버섯(일반)),1kg,3750,1
07/14 01:09:03,느타리버섯(느타리버섯(일반)),1kg,2150,2
07/14 01:08:51,느타리버섯(느타리버섯(일반)),1kg,1950,30
07/14 01:08:49,느타리버섯(느타리버섯(일반)),1kg,13450,1
07/14 01:04:15,느타리버섯(애느타리),1kg,1300,20
07/14 01:04:15,느타리버섯(애느타리),1kg,1500,5
07/14 01:04:15,느타리버섯(애느타리),1kg,1500,5
07/14 01:04:15,느타리버섯(애느타리),1kg,1400,20
07/14 01:04:15,느타리버섯(애느타리),1kg,1400,20
07/14 01:04:15,느타리버섯(애느타리),1kg,1400,20
07/14 01:04:15,느타리버섯(애느타리),1kg,1300,20
07/14 01:04:15,느타리버섯(애느타리),1kg,1500,15
07/14 01:04:15,느타리버섯(애느타리),1kg,1350,20
07/14 01:04:15,느타리버섯(애느타리),1kg,1500,5
07/13 11:57:45,느타리버섯(느타리버섯(일반)),1kg,1000,50
07/13 11:57:37,느타리버섯(느타리버섯(일반)),1kg,1100,50
07/13 11:57:31,느타리버섯(애느타리),1kg,3000,20
07/13 11:57:31,느타리버섯(애느타리),1kg,3000,10
07/13 11:57:30,느타리버섯(애느타리),1kg,3000,10
07/13 11:57:30,느타리버섯(애느타리),1kg,3000,10
07/13 11:57:27,느타리버섯(느타리버섯(일반)),1kg,2400,44
07/13 11:57:19,느타리버섯(느타리버섯(일반)),1kg,2400,43
07/13 11:57:11,느타리버섯(느타리버섯(일반)),1kg,2300,43
07/13 11:49:57,느타리버섯(기타느타리버섯),1kg,1505,60
07/13 11:49:37,느타리버섯(기타느타리버섯),1kg,1600,10
07/13 11:48:56,느타리버섯(기타느타리버섯),1kg,600,10
07/13 11:46:52,느타리버섯(애느타리),1kg,3000,50
07/13 11:46:52,느타리버섯(애느타리),1kg,3000,28
07/13 11:46:52,느타리버섯(애느타리),1kg,3000,5
07/13 11:46:52,느타리버섯(애느타리),1kg,3000,15
07/13 11:46:52,느타리버섯(애느타리),1kg,3000,70
07/13 11:46:52,느타리버섯(애느타리),1kg,3000,10
07/13 11:46:52,느타리버섯(애느타리),1kg,3000,20
07/13 11:46:52,느타리버섯(애느타리),1kg,3000,2
07/13 11:46:52,느타리버섯(애느타리),1kg,3000,10
07/13 11:46:52,느타리버섯(애느타리),1kg,3000,10
07/13 11:46:52,느타리버섯(애느타리),1kg,3000,20
07/13 11:46:52,느타리버섯(애느타리),1kg,3000,10
07/13 11:46:52,느타리버섯(애느타리),1kg,3000,10
07/13 11:46:52,느타리버섯(애느타리),1kg,3000,20
07/13 11:43:33,느타리버섯(느타리버섯(일반)),1kg,2250,25
07/13 11:30:35,느타리버섯(기타느타리버섯),1kg,350,60
07/13 11:30:07,느타리버섯(기타느타리버섯),1kg,1500,30
07/13 11:30:01,느타리버섯(기타느타리버섯),1kg,1750,30
07/13 11:29:59,느타리버섯(기타느타리버섯),1kg,1750,30
07/13 11:29:58,느타리버섯(기타느타리버섯),1kg,1750,30
07/13 11:29:55,느타리버섯(기타느타리버섯),1kg,1750,30
07/13 11:29:53,느타리버섯(기타느타리버섯),1kg,1750,30
07/13 11:29:50,느타리버섯(기타느타리버섯),1kg,1750,60
07/13 10:47:24,느타리버섯(느타리버섯(일반)),1kg,1000,50
07/13 10:47:19,느타리버섯(느타리버섯(일반)),1kg,1100,50
07/13 10:47:18,느타리버섯(느타리버섯(일반)),1kg,1050,20
07/13 10:47:15,느타리버섯(느타리버섯(일반)),1kg,1000,20
07/13 10:47:13,느타리버섯(느타리버섯(일반)),1kg,1500,30
07/13 10:47:12,느타리버섯(느타리버섯(일반)),1kg,1000,20
07/13 10:47:10,느타리버섯(느타리버섯(일반)),1kg,1500,30
07/13 10:47:09,느타리버섯(느타리버섯(일반)),1kg,1000,20
07/13 10:47:06,느타리버섯(느타리버섯(일반)),1kg,1500,30
07/13 10:47:04,느타리버섯(느타리버섯(일반)),1kg,1500,30
07/13 10:47:01,느타리버섯(느타리버섯(일반)),1kg,1500,30
07/13 10:46:22,느타리버섯(기타느타리버섯),1kg,1250,230
07/13 10:46:22,느타리버섯(기타느타리버섯),1kg,1250,10
07/13 10:46:20,느타리버섯(기타느타리버섯),1kg,1250,25
07/13 10:46:20,느타리버섯(기타느타리버섯),1kg,1250,30
07/13 10:46:20,느타리버섯(기타느타리버섯),1kg,1250,35
07/13 10:46:20,느타리버섯(기타느타리버섯),1kg,1250,15
07/13 10:46:20,느타리버섯(기타느타리버섯),1kg,1250,10
07/13 10:46:20,느타리버섯(기타느타리버섯),1kg,1250,30
07/13 10:46:20,느타리버섯(기타느타리버섯),1kg,1250,10
07/13 10:46:20,느타리버섯(기타느타리버섯),1kg,1250,20
07/13 10:44:01,느타리버섯(기타느타리버섯),1kg,1250,15
07/13 10:44:01,느타리버섯(기타느타리버섯),1kg,1250,10
07/13 10:44:01,느타리버섯(기타느타리버섯),1kg,1250,50
07/13 10:41:08,느타리버섯(기타느타리버섯),1kg,3500,2
07/13 10:40:49,느타리버섯(기타느타리버섯),1kg,3500,7
07/13 10:40:49,느타리버섯(애느타리),1kg,2250,3
07/13 10:40:33,느타리버섯(기타느타리버섯),1kg,1050,11
07/13 10:34:06,느타리버섯(기타느타리버섯),1kg,2362,6
07/13 10:34:06,느타리버섯(기타느타리버섯),1kg,2100,8
07/13 10:33:48,느타리버섯(기타느타리버섯),1kg,1500,50
07/13 10:33:24,느타리버섯(기타느타리버섯),1kg,1500,50
07/13 10:31:15,느타리버섯(기타느타리버섯),1kg,2625,2
07/13 10:31:15,느타리버섯(애느타리),1kg,1050,5
07/13 10:30:58,느타리버섯(기타느타리버섯),1kg,1500,13
07/13 10:30:55,느타리버섯(기타느타리버섯),1kg,1500,13
07/13 10:30:48,느타리버섯(기타느타리버섯),1kg,1250,26
07/13 10:30:44,느타리버섯(기타느타리버섯),1kg,1250,26
07/13 10:30:41,느타리버섯(기타느타리버섯),1kg,1250,26
07/13 10:30:38,느타리버섯(기타느타리버섯),1kg,1250,26
07/13 10:30:34,느타리버섯(기타느타리버섯),1kg,1250,26
07/13 10:30:27,느타리버섯(기타느타리버섯),1kg,1250,25
07/13 10:30:24,느타리버섯(기타느타리버섯),1kg,1250,50
07/13 10:30:15,느타리버섯(기타느타리버섯),1kg,1250,50
07/13 10:30:11,느타리버섯(기타느타리버섯),1kg,500,56
07/13 10:30:04,느타리버섯(기타느타리버섯),1kg,1250,25
07/13 10:26:51,느타리버섯(기타느타리버섯),1kg,2100,1
07/13 10:26:35,느타리버섯(느타리버섯(일반)),1kg,2000,60
07/13 10:22:33,느타리버섯(애느타리),1kg,2750,5
07/13 10:22:33,느타리버섯(애느타리),1kg,2750,20
07/13 10:22:33,느타리버섯(애느타리),1kg,2750,25
07/13 10:22:33,느타리버섯(애느타리),1kg,2750,5
07/13 10:22:33,느타리버섯(애느타리),1kg,2750,10
07/13 10:22:33,느타리버섯(애느타리),1kg,2750,15
07/13 10:22:33,느타리버섯(애느타리),1kg,2750,60
07/13 10:22:33,느타리버섯(애느타리),1kg,2750,20
07/13 10:22:33,느타리버섯(애느타리),1kg,2750,10
07/13 10:22:33,느타리버섯(애느타리),1kg,2750,5
07/13 10:22:33,느타리버섯(애느타리),1kg,2750,5
07/13 10:22:33,느타리버섯(애느타리),1kg,2750,20
07/13 10:22:33,느타리버섯(애느타리),1kg,2750,80
07/13 10:22:33,느타리버섯(애느타리),1kg,2750,5
07/13 10:22:33,느타리버섯(애느타리),1kg,2750,15
07/13 10:13:21,느타리버섯(기타느타리버섯),1kg,3000,78
07/13 10:13:15,느타리버섯(기타느타리버섯),1kg,3250,50
07/13 10:13:14,느타리버섯(기타느타리버섯),1kg,3250,50
07/13 10:13:10,느타리버섯(기타느타리버섯),1kg,3250,75
07/13 10:13:07,느타리버섯(기타느타리버섯),1kg,3250,75
07/13 10:13:03,느타리버섯(기타느타리버섯),1kg,3000,60
07/13 10:13:01,느타리버섯(기타느타리버섯),1kg,3000,60
07/13 10:12:58,느타리버섯(기타느타리버섯),1kg,3000,60
07/13 10:12:56,느타리버섯(기타느타리버섯),1kg,2750,60
07/13 10:07:18,느타리버섯(기타느타리버섯),1kg,2750,65
07/13 10:07:15,느타리버섯(기타느타리버섯),1kg,2750,65
07/13 10:07:12,느타리버섯(기타느타리버섯),1kg,2750,65
07/13 10:07:09,느타리버섯(기타느타리버섯),1kg,2750,65
07/13 10:07:07,느타리버섯(기타느타리버섯),1kg,2750,65
07/13 10:07:04,느타리버섯(기타느타리버섯),1kg,2750,65
07/13 10:07:02,느타리버섯(기타느타리버섯),1kg,2750,65
07/13 10:06:59,느타리버섯(기타느타리버섯),1kg,2750,65
07/13 10:06:57,느타리버섯(기타느타리버섯),1kg,2750,65
07/13 10:06:54,느타리버섯(기타느타리버섯),1kg,2750,65
07/13 10:06:52,느타리버섯(기타느타리버섯),1kg,2500,65
07/13 10:06:49,느타리버섯(기타느타리버섯),1kg,2500,65
07/13 10:06:47,느타리버섯(기타느타리버섯),1kg,2500,65
07/13 10:06:44,느타리버섯(기타느타리버섯),1kg,2500,65
07/13 10:06:42,느타리버섯(기타느타리버섯),1kg,2500,65
07/13 10:06:39,느타리버섯(기타느타리버섯),1kg,2500,65
07/13 10:06:33,느타리버섯(기타느타리버섯),1kg,2750,75
07/13 10:06:30,느타리버섯(기타느타리버섯),1kg,2750,75
07/13 10:06:22,느타리버섯(기타느타리버섯),1kg,3500,67
07/13 10:06:12,느타리버섯(기타느타리버섯),1kg,2500,50
07/13 10:06:09,느타리버섯(기타느타리버섯),1kg,2500,50
07/13 10:06:06,느타리버섯(기타느타리버섯),1kg,2500,50
07/13 10:06:03,느타리버섯(기타느타리버섯),1kg,2500,50
07/13 10:05:40,느타리버섯(기타느타리버섯),1kg,150,52
07/13 10:05:36,느타리버섯(기타느타리버섯),1kg,200,52
07/13 10:05:20,느타리버섯(기타느타리버섯),1kg,250,55
07/13 10:05:15,느타리버섯(기타느타리버섯),1kg,300,55
07/13 10:05:14,느타리버섯(느타리버섯(일반)),1kg,2000,60
07/13 10:05:11,느타리버섯(느타리버섯(일반)),1kg,500,60
07/13 10:05:10,느타리버섯(기타느타리버섯),1kg,450,56
07/13 10:05:08,느타리버섯(기타느타리버섯),1kg,450,50
07/13 10:05:08,느타리버섯(느타리버섯(일반)),1kg,750,80
07/13 10:05:08,느타리버섯(느타리버섯(일반)),1kg,2500,75
07/13 10:05:07,느타리버섯(느타리버섯(일반)),1kg,750,80
07/13 10:05:05,느타리버섯(느타리버섯(일반)),1kg,750,60
07/13 10:05:04,느타리버섯(느타리버섯(일반)),1kg,2500,75
07/13 10:05:03,느타리버섯(느타리버섯(일반)),1kg,750,60
07/13 10:05:01,느타리버섯(느타리버섯(일반)),1kg,750,60
07/13 10:05:00,느타리버섯(기타느타리버섯),1kg,450,50
07/13 10:04:59,느타리버섯(느타리버섯(일반)),1kg,750,60
07/13 10:04:57,느타리버섯(느타리버섯(일반)),1kg,2250,60
07/13 10:04:54,느타리버섯(느타리버섯(일반)),1kg,250,75
07/13 10:04:53,느타리버섯(느타리버섯(일반)),1kg,2250,60
07/13 10:04:51,느타리버섯(기타느타리버섯),1kg,350,50
07/13 10:04:50,느타리버섯(느타리버섯(일반)),1kg,750,50
07/13 10:04:48,느타리버섯(느타리버섯(일반)),1kg,750,50
07/13 10:04:47,느타리버섯(느타리버섯(일반)),1kg,2750,70
07/13 10:04:45,느타리버섯(느타리버섯(일반)),1kg,2750,70
07/13 10:04:44,느타리버섯(기타느타리버섯),1kg,350,50
07/13 10:04:43,느타리버섯(느타리버섯(일반)),1kg,1000,60
07/13 10:04:40,느타리버섯(느타리버섯(일반)),1kg,1000,60
07/13 10:04:38,느타리버섯(기타느타리버섯),1kg,600,5
07/13 10:04:37,느타리버섯(느타리버섯(일반)),1kg,3000,70
07/13 10:04:36,느타리버섯(느타리버섯(일반)),1kg,1250,60
07/13 10:04:35,느타리버섯(느타리버섯(일반)),1kg,2750,70
07/13 10:04:33,느타리버섯(기타느타리버섯),1kg,250,43
07/13 10:04:33,느타리버섯(느타리버섯(일반)),1kg,1250,60
07/13 10:04:33,느타리버섯(느타리버섯(일반)),1kg,2750,70
07/13 10:04:31,느타리버섯(느타리버섯(일반)),1kg,1250,60
07/13 10:04:30,느타리버섯(느타리버섯(일반)),1kg,2750,70
07/13 10:04:29,느타리버섯(기타느타리버섯),1kg,250,43
07/13 10:04:28,느타리버섯(느타리버섯(일반)),1kg,1250,60
07/13 10:04:26,느타리버섯(느타리버섯(일반)),1kg,1250,60
07/13 10:04:26,느타리버섯(느타리버섯(일반)),1kg,2750,70
07/13 10:04:25,느타리버섯(느타리버섯(일반)),1kg,1250,60
07/13 10:04:23,느타리버섯(기타느타리버섯),1kg,300,44
07/13 10:04:22,느타리버섯(느타리버섯(일반)),1kg,1250,60
07/13 10:04:21,느타리버섯(느타리버섯(일반)),1kg,2750,70
07/13 10:04:18,느타리버섯(느타리버섯(일반)),1kg,1250,60
07/13 10:04:18,느타리버섯(느타리버섯(일반)),1kg,1250,50
07/13 10:04:17,느타리버섯(느타리버섯(일반)),1kg,1250,50
07/13 10:04:15,느타리버섯(느타리버섯(일반)),1kg,1250,50
07/13 10:04:13,느타리버섯(기타느타리버섯),1kg,900,53
07/13 10:04:13,느타리버섯(느타리버섯(일반)),1kg,1250,50
07/13 10:04:11,느타리버섯(느타리버섯(일반)),1kg,1300,60
07/13 10:04:08,느타리버섯(느타리버섯(일반)),1kg,1300,60
07/13 10:04:08,느타리버섯(느타리버섯(일반)),1kg,500,30
07/13 10:04:07,느타리버섯(기타느타리버섯),1kg,450,56
07/13 10:04:06,느타리버섯(느타리버섯(일반)),1kg,1300,60
07/13 10:04:04,느타리버섯(기타느타리버섯),1kg,400,60
07/13 10:04:02,느타리버섯(느타리버섯(일반)),1kg,1400,60
07/13 10:03:59,느타리버섯(기타느타리버섯),1kg,1050,34
07/13 10:03:59,느타리버섯(느타리버섯(일반)),1kg,1400,60
07/13 10:03:56,느타리버섯(느타리버섯(일반)),1kg,1400,60
07/13 10:03:54,느타리버섯(느타리버섯(일반)),1kg,1350,60
07/13 10:03:53,느타리버섯(기타느타리버섯),1kg,950,46
07/13 10:03:51,느타리버섯(기타느타리버섯),1kg,950,50
07/13 10:03:51,느타리버섯(느타리버섯(일반)),1kg,1350,60
07/13 10:03:49,느타리버섯(느타리버섯(일반)),1kg,1350,60
07/13 10:03:47,느타리버섯(기타느타리버섯),1kg,1000,50
07/13 10:03:45,느타리버섯(느타리버섯(일반)),1kg,650,50
07/13 10:03:44,느타리버섯(기타느타리버섯),1kg,1100,50
07/13 10:03:44,느타리버섯(느타리버섯(일반)),1kg,750,77
07/13 10:03:42,느타리버섯(느타리버섯(일반)),1kg,750,77
07/13 10:03:42,느타리버섯(느타리버섯(일반)),1kg,650,50
07/13 10:03:41,느타리버섯(기타느타리버섯),1kg,1100,50
07/13 10:03:39,느타리버섯(느타리버섯(일반)),1kg,750,77
07/13 10:03:36,느타리버섯(느타리버섯(일반)),1kg,750,77
07/13 10:03:36,느타리버섯(느타리버섯(일반)),1kg,750,50
07/13 10:03:34,느타리버섯(느타리버섯(일반)),1kg,750,77
07/13 10:03:33,느타리버섯(느타리버섯(일반)),1kg,750,50
07/13 10:03:31,느타리버섯(느타리버섯(일반)),1kg,750,77
07/13 10:03:30,느타리버섯(느타리버섯(일반)),1kg,750,50
07/13 10:03:28,느타리버섯(느타리버섯(일반)),1kg,750,77
07/13 10:03:28,느타리버섯(느타리버섯(일반)),1kg,700,50
07/13 10:03:26,느타리버섯(기타느타리버섯),1kg,600,50
07/13 10:03:26,느타리버섯(느타리버섯(일반)),1kg,750,77
07/13 10:03:23,느타리버섯(기타느타리버섯),1kg,600,50
07/13 10:03:21,느타리버섯(기타느타리버섯),1kg,600,50
07/13 10:03:19,느타리버섯(기타느타리버섯),1kg,600,50
07/13 10:03:16,느타리버섯(기타느타리버섯),1kg,650,50
07/13 10:03:14,느타리버섯(느타리버섯(일반)),1kg,750,77
07/13 10:03:13,느타리버섯(기타느타리버섯),1kg,650,50
07/13 10:03:11,느타리버섯(기타느타리버섯),1kg,650,50
07/13 10:03:11,느타리버섯(느타리버섯(일반)),1kg,750,77
07/13 10:03:08,느타리버섯(기타느타리버섯),1kg,650,50
07/13 10:03:08,느타리버섯(느타리버섯(일반)),1kg,850,120
07/13 10:03:05,느타리버섯(느타리버섯(일반)),1kg,200,7
07/13 10:03:04,느타리버섯(느타리버섯(일반)),1kg,900,120
07/13 10:03:01,느타리버섯(느타리버섯(일반)),1kg,300,32
07/13 10:02:57,느타리버섯(느타리버섯(일반)),1kg,800,70
07/13 10:02:55,느타리버섯(기타느타리버섯),1kg,750,77
07/13 10:02:55,느타리버섯(느타리버섯(일반)),1kg,800,70
07/13 10:02:54,느타리버섯(느타리버섯(일반)),1kg,1400,35
07/13 10:02:52,느타리버섯(기타느타리버섯),1kg,750,77
07/13 10:02:52,느타리버섯(느타리버섯(일반)),1kg,800,70
07/13 10:02:51,느타리버섯(느타리버섯(일반)),1kg,1350,50
07/13 10:02:50,느타리버섯(기타느타리버섯),1kg,750,77
07/13 10:02:49,느타리버섯(느타리버섯(일반)),1kg,1350,50
07/13 10:02:48,느타리버섯(기타느타리버섯),1kg,750,77
07/13 10:02:45,느타리버섯(기타느타리버섯),1kg,750,77
07/13 10:02:45,느타리버섯(느타리버섯(일반)),1kg,1350,50
07/13 10:02:43,느타리버섯(기타느타리버섯),1kg,750,77
07/13 10:02:43,느타리버섯(느타리버섯(일반)),1kg,1350,50
07/13 10:02:41,느타리버섯(기타느타리버섯),1kg,750,77
07/13 10:02:40,느타리버섯(느타리버섯(일반)),1kg,1350,50
07/13 10:02:38,느타리버섯(느타리버섯(일반)),1kg,750,60
07/13 10:02:37,느타리버섯(기타느타리버섯),1kg,800,77
07/13 10:02:37,느타리버섯(느타리버섯(일반)),1kg,1350,50
07/13 10:02:35,느타리버섯(느타리버섯(일반)),1kg,1000,60
07/13 10:02:33,느타리버섯(느타리버섯(일반)),1kg,1000,75
07/13 10:02:33,느타리버섯(느타리버섯(일반)),1kg,1400,50
07/13 10:02:31,느타리버섯(느타리버섯(일반)),1kg,1000,75
07/13 10:02:30,느타리버섯(느타리버섯(일반)),1kg,1400,50
07/13 10:02:28,느타리버섯(기타느타리버섯),1kg,1000,50
07/13 10:02:28,느타리버섯(느타리버섯(일반)),1kg,900,60
07/13 10:02:28,느타리버섯(느타리버섯(일반)),1kg,1000,75
07/13 10:02:28,느타리버섯(느타리버섯(일반)),1kg,1400,50
07/13 10:02:25,느타리버섯(느타리버섯(일반)),1kg,1000,75
07/13 10:02:25,느타리버섯(느타리버섯(일반)),1kg,1400,50
07/13 10:02:22,느타리버섯(느타리버섯(일반)),1kg,1250,50
07/13 10:02:22,느타리버섯(느타리버섯(일반)),1kg,1400,50
07/13 10:02:21,느타리버섯(느타리버섯(일반)),1kg,1250,50
07/13 10:02:19,느타리버섯(기타느타리버섯),1kg,1000,50
07/13 10:02:16,느타리버섯(느타리버섯(일반)),1kg,1500,50
07/13 10:02:15,느타리버섯(기타느타리버섯),1kg,1000,50
07/13 10:02:14,느타리버섯(느타리버섯(일반)),1kg,1250,40
07/13 10:02:13,느타리버섯(느타리버섯(일반)),1kg,1500,60
07/13 10:02:12,느타리버섯(느타리버섯(일반)),1kg,1250,50
07/13 10:02:11,느타리버섯(기타느타리버섯),1kg,1000,50
07/13 10:02:11,느타리버섯(느타리버섯(일반)),1kg,1500,60
07/13 10:02:10,느타리버섯(느타리버섯(일반)),1kg,1500,60
07/13 10:02:09,느타리버섯(느타리버섯(일반)),1kg,1250,50
07/13 10:02:08,느타리버섯(느타리버섯(일반)),1kg,900,60
07/13 10:02:08,느타리버섯(느타리버섯(일반)),1kg,1500,60
07/13 10:02:07,느타리버섯(느타리버섯(일반)),1kg,1250,50
07/13 10:02:06,느타리버섯(느타리버섯(일반)),1kg,900,60
07/13 10:02:06,느타리버섯(느타리버섯(일반)),1kg,1500,60
07/13 10:02:04,느타리버섯(느타리버섯(일반)),1kg,1250,50
07/13 10:02:03,느타리버섯(느타리버섯(일반)),1kg,900,60
07/13 10:02:03,느타리버섯(느타리버섯(일반)),1kg,1500,60
07/13 10:02:02,느타리버섯(느타리버섯(일반)),1kg,1200,50
07/13 10:02:01,느타리버섯(기타느타리버섯),1kg,1050,50
07/13 10:01:59,느타리버섯(느타리버섯(일반)),1kg,1200,50
07/13 10:01:58,느타리버섯(기타느타리버섯),1kg,1100,50
07/13 10:01:55,느타리버섯(기타느타리버섯),1kg,1100,50
07/13 10:01:53,느타리버섯(기타느타리버섯),1kg,1100,50
07/13 10:01:51,느타리버섯(기타느타리버섯),1kg,1100,50
07/13 10:01:48,느타리버섯(기타느타리버섯),1kg,1100,50
07/13 10:01:46,느타리버섯(기타느타리버섯),1kg,1100,50
07/13 10:01:45,느타리버섯(느타리버섯(일반)),1kg,1350,60
07/13 10:01:44,느타리버섯(느타리버섯(일반)),1kg,1250,50
07/13 10:01:43,느타리버섯(기타느타리버섯),1kg,1100,50
07/13 10:01:42,느타리버섯(느타리버섯(일반)),1kg,1300,60
07/13 10:01:41,느타리버섯(느타리버섯(일반)),1kg,1250,50
07/13 10:01:39,느타리버섯(느타리버섯(일반)),1kg,1250,60
07/13 10:01:37,느타리버섯(느타리버섯(일반)),1kg,1300,50
07/13 10:01:36,느타리버섯(기타느타리버섯),1kg,1100,65
07/13 10:01:35,느타리버섯(느타리버섯(일반)),1kg,1350,60
07/13 10:01:35,느타리버섯(느타리버섯(일반)),1kg,1300,50
07/13 10:01:33,느타리버섯(기타느타리버섯),1kg,1050,70
07/13 10:01:32,느타리버섯(느타리버섯(일반)),1kg,1350,60
07/13 10:01:29,느타리버섯(느타리버섯(일반)),1kg,1350,120
07/13 10:01:26,느타리버섯(느타리버섯(일반)),1kg,1300,120
07/13 10:01:24,느타리버섯(느타리버섯(일반)),1kg,800,50
07/13 10:01:23,느타리버섯(기타느타리버섯),1kg,1500,50
07/13 10:01:23,느타리버섯(느타리버섯(일반)),1kg,1300,120
07/13 10:01:21,느타리버섯(느타리버섯(일반)),1kg,1250,120
07/13 10:01:20,느타리버섯(기타느타리버섯),1kg,1500,53
07/13 10:01:18,느타리버섯(기타느타리버섯),1kg,1500,55
07/13 10:01:18,느타리버섯(느타리버섯(일반)),1kg,1250,120
07/13 10:01:15,느타리버섯(기타느타리버섯),1kg,1500,55
07/13 10:01:15,느타리버섯(느타리버섯(일반)),1kg,1250,120
07/13 10:01:13,느타리버섯(기타느타리버섯),1kg,1500,55
07/13 10:01:13,느타리버섯(느타리버섯(일반)),1kg,1250,120
07/13 10:01:11,느타리버섯(느타리버섯(일반)),1kg,900,50
07/13 10:01:10,느타리버섯(기타느타리버섯),1kg,1500,55
07/13 10:01:10,느타리버섯(느타리버섯(일반)),1kg,1300,120
07/13 10:01:07,느타리버섯(느타리버섯(일반)),1kg,1300,60
07/13 10:01:06,느타리버섯(기타느타리버섯),1kg,1550,55
07/13 10:01:05,느타리버섯(느타리버섯(일반)),1kg,1300,60
07/13 10:01:04,느타리버섯(기타느타리버섯),1kg,1500,55
07/13 10:01:01,느타리버섯(기타느타리버섯),1kg,1500,55
07/13 10:00:58,느타리버섯(기타느타리버섯),1kg,1450,55
07/13 10:00:56,느타리버섯(느타리버섯(일반)),1kg,600,55
07/13 10:00:54,느타리버섯(느타리버섯(일반)),1kg,250,12
07/13 10:00:53,느타리버섯(느타리버섯(일반)),1kg,600,54
07/13 10:00:49,느타리버섯(기타느타리버섯),1kg,1250,50
07/13 10:00:48,느타리버섯(느타리버섯(일반)),1kg,550,90
07/13 10:00:47,느타리버섯(기타느타리버섯),1kg,1250,50
07/13 10:00:45,느타리버섯(느타리버섯(일반)),1kg,550,90
07/13 10:00:44,느타리버섯(기타느타리버섯),1kg,1250,50
07/13 10:00:43,느타리버섯(느타리버섯(일반)),1kg,900,50
07/13 10:00:42,느타리버섯(느타리버섯(일반)),1kg,600,90
07/13 10:00:41,느타리버섯(기타느타리버섯),1kg,1250,50
07/13 10:00:41,느타리버섯(느타리버섯(일반)),1kg,900,50
07/13 10:00:40,느타리버섯(느타리버섯(일반)),1kg,600,90
07/13 10:00:37,느타리버섯(기타느타리버섯),1kg,1250,50
07/13 10:00:37,느타리버섯(느타리버섯(일반)),1kg,650,90
07/13 10:00:35,느타리버섯(느타리버섯(일반)),1kg,650,90
07/13 10:00:32,느타리버섯(느타리버섯(일반)),1kg,650,60
07/13 10:00:29,느타리버섯(기타느타리버섯),1kg,1350,50
07/13 10:00:29,느타리버섯(느타리버섯(일반)),1kg,650,60
07/13 10:00:27,느타리버섯(기타느타리버섯),1kg,1350,50
07/13 10:00:27,느타리버섯(느타리버섯(일반)),1kg,1000,50
07/13 10:00:26,느타리버섯(느타리버섯(일반)),1kg,700,60
07/13 10:00:24,느타리버섯(기타느타리버섯),1kg,1350,50
07/13 10:00:24,느타리버섯(느타리버섯(일반)),1kg,1000,50
07/13 10:00:22,느타리버섯(느타리버섯(일반)),1kg,900,69
07/13 10:00:21,느타리버섯(기타느타리버섯),1kg,1350,50
07/13 10:00:21,느타리버섯(느타리버섯(일반)),1kg,1000,50
07/13 10:00:20,느타리버섯(느타리버섯(일반)),1kg,900,69
07/13 10:00:19,느타리버섯(느타리버섯(일반)),1kg,1000,50
07/13 10:00:18,느타리버섯(기타느타리버섯),1kg,1350,50
07/13 10:00:16,느타리버섯(기타느타리버섯),1kg,1350,50
07/13 10:00:16,느타리버섯(느타리버섯(일반)),1kg,1000,50
07/13 10:00:14,느타리버섯(느타리버섯(일반)),1kg,1000,50
07/13 10:00:13,느타리버섯(기타느타리버섯),1kg,1350,50
07/13 10:00:11,느타리버섯(느타리버섯(일반)),1kg,1000,64
07/13 10:00:10,느타리버섯(기타느타리버섯),1kg,1350,50
07/13 10:00:07,느타리버섯(기타느타리버섯),1kg,1350,50
07/13 10:00:02,느타리버섯(느타리버섯(일반)),1kg,600,50
07/13 10:00:00,느타리버섯(느타리버섯(일반)),1kg,600,100
07/13 09:59:56,느타리버섯(느타리버섯(일반)),1kg,650,100
07/13 09:59:54,느타리버섯(기타느타리버섯),1kg,1450,50
07/13 09:59:51,느타리버섯(기타느타리버섯),1kg,1450,50
07/13 09:59:49,느타리버섯(기타느타리버섯),1kg,1450,50
07/13 09:59:47,느타리버섯(느타리버섯(일반)),1kg,1250,50
07/13 09:59:46,느타리버섯(기타느타리버섯),1kg,1450,50
07/13 09:59:43,느타리버섯(기타느타리버섯),1kg,1450,50
07/13 09:59:40,느타리버섯(기타느타리버섯),1kg,1450,50
07/13 09:59:40,느타리버섯(느타리버섯(일반)),1kg,1350,50
07/13 09:59:38,느타리버섯(느타리버섯(일반)),1kg,1350,50
07/13 09:52:26,느타리버섯(느타리버섯(일반)),1kg,1250,8
07/13 09:52:18,느타리버섯(느타리버섯(일반)),1kg,5000,3
07/13 09:43:20,느타리버섯(기타느타리버섯),1kg,4750,15
07/13 09:43:16,느타리버섯(기타느타리버섯),1kg,4500,16
07/13 09:43:09,느타리버섯(기타느타리버섯),1kg,4500,18
07/13 09:43:05,느타리버섯(기타느타리버섯),1kg,4250,18
07/13 09:42:57,느타리버섯(기타느타리버섯),1kg,1000,1
07/13 09:42:52,느타리버섯(기타느타리버섯),1kg,2500,3
07/13 09:42:47,느타리버섯(기타느타리버섯),1kg,3500,14
07/13 09:42:40,느타리버섯(기타느타리버섯),1kg,4000,21
07/13 09:42:34,느타리버섯(기타느타리버섯),1kg,3750,21
07/13 09:42:13,느타리버섯(기타느타리버섯),1kg,1750,50
07/13 09:42:11,느타리버섯(기타느타리버섯),1kg,1750,50
07/13 09:42:10,느타리버섯(기타느타리버섯),1kg,1750,50
07/13 09:42:08,느타리버섯(기타느타리버섯),1kg,1750,50
07/13 09:42:07,느타리버섯(기타느타리버섯),1kg,1750,50
07/13 09:42:03,느타리버섯(기타느타리버섯),1kg,1750,50
07/13 09:41:55,느타리버섯(기타느타리버섯),1kg,2000,71
07/13 09:41:48,느타리버섯(기타느타리버섯),1kg,2250,71
07/13 09:41:45,느타리버섯(기타느타리버섯),1kg,2250,71
07/13 09:41:43,느타리버섯(기타느타리버섯),1kg,2250,71
07/13 09:41:39,느타리버섯(기타느타리버섯),1kg,2250,72
07/13 09:41:24,느타리버섯(기타느타리버섯),1kg,2500,72
07/13 09:41:18,느타리버섯(기타느타리버섯),1kg,2500,72
07/13 09:41:14,느타리버섯(기타느타리버섯),1kg,2500,72
07/13 09:38:33,느타리버섯(기타느타리버섯),1kg,1250,25
07/13 09:37:37,느타리버섯(느타리버섯(일반)),1kg,4750,14
07/13 09:37:31,느타리버섯(느타리버섯(일반)),1kg,10000,15
07/13 09:37:26,느타리버섯(느타리버섯(일반)),1kg,9750,15
07/13 09:37:18,느타리버섯(느타리버섯(일반)),1kg,3250,25
07/13 09:37:13,느타리버섯(느타리버섯(일반)),1kg,4250,5
07/13 09:37:07,느타리버섯(느타리버섯(일반)),1kg,6750,22
07/13 09:37:03,느타리버섯(느타리버섯(일반)),1kg,6750,21
07/13 09:36:55,느타리버섯(느타리버섯(일반)),1kg,11000,24
07/13 09:36:50,느타리버섯(느타리버섯(일반)),1kg,11250,23
07/13 09:36:44,느타리버섯(느타리버섯(일반)),1kg,10750,23
07/13 09:36:37,느타리버섯(느타리버섯(일반)),1kg,9000,1
07/13 09:36:30,느타리버섯(느타리버섯(일반)),1kg,5000,18
07/13 09:36:26,느타리버섯(느타리버섯(일반)),1kg,4750,17
07/13 09:36:16,느타리버섯(느타리버섯(일반)),1kg,2000,12
07/13 09:36:11,느타리버섯(느타리버섯(일반)),1kg,4000,20
07/13 09:36:08,느타리버섯(느타리버섯(일반)),1kg,4000,20
07/13 09:32:23,느타리버섯(느타리버섯(일반)),1kg,3250,4
07/13 09:32:02,느타리버섯(느타리버섯(일반)),1kg,6500,4
07/13 09:31:43,느타리버섯(느타리버섯(일반)),1kg,7750,1
07/13 09:31:37,느타리버섯(느타리버섯(일반)),1kg,6250,5
07/13 09:31:30,느타리버섯(느타리버섯(일반)),1kg,5250,5
07/13 09:31:21,느타리버섯(느타리버섯(일반)),1kg,4500,1
07/13 09:31:13,느타리버섯(느타리버섯(일반)),1kg,8750,15
07/13 09:31:07,느타리버섯(느타리버섯(일반)),1kg,8250,3
07/13 09:31:01,느타리버섯(느타리버섯(일반)),1kg,4000,1
07/13 09:30:52,느타리버섯(느타리버섯(일반)),1kg,7750,1
07/13 09:30:44,느타리버섯(느타리버섯(일반)),1kg,8250,2
07/13 09:30:38,느타리버섯(느타리버섯(일반)),1kg,7000,3
07/13 09:30:31,느타리버섯(느타리버섯(일반)),1kg,6750,4
07/13 09:30:25,느타리버섯(느타리버섯(일반)),1kg,2750,1
07/13 09:30:20,느타리버섯(느타리버섯(일반)),1kg,7250,1
07/13 09:30:14,느타리버섯(느타리버섯(일반)),1kg,3250,1
07/13 09:30:08,느타리버섯(느타리버섯(일반)),1kg,6750,3
07/13 09:30:02,느타리버섯(느타리버섯(일반)),1kg,3750,2
07/13 09:29:57,느타리버섯(느타리버섯(일반)),1kg,4250,3
07/13 09:29:51,느타리버섯(느타리버섯(일반)),1kg,5750,5
07/13 09:29:46,느타리버섯(느타리버섯(일반)),1kg,2250,4
07/13 09:29:40,느타리버섯(느타리버섯(일반)),1kg,1250,3
07/13 09:29:34,느타리버섯(느타리버섯(일반)),1kg,3500,11
07/13 09:29:27,느타리버섯(느타리버섯(일반)),1kg,5500,13
07/13 09:29:22,느타리버섯(느타리버섯(일반)),1kg,5500,15
07/13 08:26:53,느타리버섯(기타느타리버섯),1kg,12000,2
07/13 08:10:12,느타리버섯(기타느타리버섯),1kg,1350,80
07/13 08:10:12,느타리버섯(기타느타리버섯),1kg,12000,6
07/13 07:50:46,느타리버섯(애느타리),1kg,260,770
07/13 07:50:23,느타리버섯(기타느타리버섯),1kg,500,34
07/13 07:25:19,느타리버섯(느타리버섯(일반)),1kg,1750,90
07/13 07:25:19,느타리버섯(느타리버섯(일반)),1kg,3500,20
07/13 07:25:19,느타리버섯(느타리버섯(일반)),1kg,1750,74
07/13 07:16:19,느타리버섯(느타리버섯(일반)),1kg,1250,60
07/13 07:16:14,느타리버섯(느타리버섯(일반)),1kg,700,300
07/13 07:16:11,느타리버섯(느타리버섯(일반)),1kg,1500,60
07/13 07:16:06,느타리버섯(느타리버섯(일반)),1kg,1600,70
07/13 07:16:04,느타리버섯(느타리버섯(일반)),1kg,1600,40
07/13 07:16:00,느타리버섯(느타리버섯(일반)),1kg,1100,160
07/13 07:15:45,느타리버섯(느타리버섯(일반)),1kg,5000,2
07/13 06:08:00,느타리버섯(느타리버섯(일반)),1kg,1750,50
07/13 06:08:00,느타리버섯(느타리버섯(일반)),1kg,1750,50
07/13 06:08:00,느타리버섯(느타리버섯(일반)),1kg,1750,150
07/13 06:08:00,느타리버섯(느타리버섯(일반)),1kg,1750,100
07/13 06:08:00,느타리버섯(느타리버섯(일반)),1kg,1750,50
07/13 06:08:00,느타리버섯(느타리버섯(일반)),1kg,1750,100
07/13 06:06:25,느타리버섯(느타리버섯(일반)),1kg,1250,100
07/13 06:06:25,느타리버섯(느타리버섯(일반)),1kg,1250,150
07/13 06:06:25,느타리버섯(느타리버섯(일반)),1kg,1250,50
07/13 06:05:15,느타리버섯(느타리버섯(일반)),1kg,500,120
07/13 05:59:25,느타리버섯(기타느타리버섯),1kg,90,500
07/13 05:59:25,느타리버섯(기타느타리버섯),1kg,90,500
07/13 05:59:25,느타리버섯(기타느타리버섯),1kg,90,500
07/13 05:59:25,느타리버섯(기타느타리버섯),1kg,90,500
07/13 05:59:25,느타리버섯(기타느타리버섯),1kg,90,500
07/13 05:59:25,느타리버섯(기타느타리버섯),1kg,90,500
07/13 05:59:25,느타리버섯(기타느타리버섯),1kg,90,500
07/13 05:39:35,느타리버섯(애느타리),1kg,2150,14
07/13 05:39:25,느타리버섯(애느타리),1kg,2050,20
07/13 05:39:19,느타리버섯(애느타리),1kg,1900,22
07/13 05:39:15,느타리버섯(애느타리),1kg,1900,22
07/13 05:39:09,느타리버섯(애느타리),1kg,1900,22
07/13 04:45:45,느타리버섯(기타느타리버섯),1kg,2075,16
07/13 04:45:41,느타리버섯(기타느타리버섯),1kg,2075,17
07/13 04:45:32,느타리버섯(기타느타리버섯),1kg,4150,22
07/13 04:45:27,느타리버섯(기타느타리버섯),1kg,4000,23
07/13 04:43:27,느타리버섯(애느타리),1kg,80,300
07/13 04:43:25,느타리버섯(애느타리),1kg,80,300
07/13 04:42:19,느타리버섯(애느타리),1kg,90,300
07/13 04:42:04,느타리버섯(애느타리),1kg,105,300
07/13 04:40:17,느타리버섯(애느타리),1kg,1150,40
07/13 04:40:12,느타리버섯(애느타리),1kg,1150,40
07/13 04:40:05,느타리버섯(애느타리),1kg,130,300
07/13 04:39:56,느타리버섯(애느타리),1kg,125,300
07/13 04:39:53,느타리버섯(애느타리),1kg,125,300
07/13 04:39:48,느타리버섯(애느타리),1kg,125,300
07/13 04:39:45,느타리버섯(애느타리),1kg,125,300
07/13 04:39:40,느타리버섯(애느타리),1kg,125,300
07/13 04:39:33,느타리버섯(애느타리),1kg,125,300
07/13 04:39:29,느타리버섯(애느타리),1kg,130,300
07/13 04:39:26,느타리버섯(애느타리),1kg,125,300
07/13 04:39:21,느타리버섯(애느타리),1kg,125,300
07/13 04:39:16,느타리버섯(애느타리),1kg,125,300
07/13 04:39:09,느타리버섯(애느타리),1kg,1250,30
07/13 04:39:06,느타리버섯(애느타리),1kg,1250,30
07/13 04:39:01,느타리버섯(애느타리),1kg,1250,30
07/13 04:38:56,느타리버섯(애느타리),1kg,1250,30
07/13 04:38:52,느타리버섯(애느타리),1kg,1250,30
07/13 04:37:49,느타리버섯(애느타리),1kg,1150,25
07/13 04:37:45,느타리버섯(애느타리),1kg,1150,25
07/13 04:37:40,느타리버섯(애느타리),1kg,1100,25
07/13 04:37:36,느타리버섯(애느타리),1kg,1150,25
07/13 04:37:28,느타리버섯(애느타리),1kg,125,300
07/13 04:37:24,느타리버섯(애느타리),1kg,130,300
07/13 04:37:20,느타리버섯(애느타리),1kg,125,300
07/13 04:37:16,느타리버섯(애느타리),1kg,125,300
07/13 04:37:12,느타리버섯(애느타리),1kg,125,300
07/13 04:33:04,느타리버섯(기타느타리버섯),1kg,1250,2
07/13 04:32:56,느타리버섯(기타느타리버섯),1kg,2750,6
07/13 04:32:49,느타리버섯(기타느타리버섯),1kg,3950,8
07/13 04:32:44,느타리버섯(기타느타리버섯),1kg,3750,8
07/13 04:32:36,느타리버섯(기타느타리버섯),1kg,6125,8
07/13 04:32:29,느타리버섯(기타느타리버섯),1kg,6200,6
07/13 04:31:56,느타리버섯(애느타리),1kg,125,100
07/13 04:31:53,느타리버섯(애느타리),1kg,125,200
07/13 04:31:17,느타리버섯(애느타리),1kg,125,200
07/13 04:31:12,느타리버섯(애느타리),1kg,125,200
07/13 04:31:08,느타리버섯(애느타리),1kg,125,200
07/13 04:31:03,느타리버섯(애느타리),1kg,125,200
07/13 04:30:58,느타리버섯(애느타리),1kg,125,200
07/13 04:30:54,느타리버섯(애느타리),1kg,125,200
07/13 04:27:17,느타리버섯(애느타리),1kg,1500,20
07/13 04:27:09,느타리버섯(애느타리),1kg,1500,20
07/13 04:25:41,느타리버섯(애느타리),1kg,1500,20
07/13 04:25:29,느타리버섯(애느타리),1kg,1500,20
07/13 04:25:22,느타리버섯(애느타리),1kg,1500,20
07/13 04:12:37,느타리버섯(기타느타리버섯),1kg,1300,54
07/13 04:12:34,느타리버섯(기타느타리버섯),1kg,1400,50
07/13 04:12:27,느타리버섯(기타느타리버섯),1kg,1350,50
07/13 04:12:20,느타리버섯(기타느타리버섯),1kg,1250,50
07/13 04:12:15,느타리버섯(기타느타리버섯),1kg,1100,50
07/13 04:10:08,느타리버섯(기타느타리버섯),1kg,90,500
07/13 04:10:05,느타리버섯(기타느타리버섯),1kg,90,500
07/13 04:10:02,느타리버섯(기타느타리버섯),1kg,90,500
07/13 04:10:00,느타리버섯(기타느타리버섯),1kg,90,500
07/13 04:09:58,느타리버섯(기타느타리버섯),1kg,90,500
07/13 04:09:31,느타리버섯(기타느타리버섯),1kg,90,500
07/13 04:09:26,느타리버섯(기타느타리버섯),1kg,750,35
07/13 04:09:22,느타리버섯(기타느타리버섯),1kg,750,35
07/13 04:09:02,느타리버섯(기타느타리버섯),1kg,90,500
07/13 04:08:42,느타리버섯(기타느타리버섯),1kg,90,500
07/13 04:08:39,느타리버섯(기타느타리버섯),1kg,90,500
07/13 04:08:37,느타리버섯(기타느타리버섯),1kg,90,500
07/13 04:08:28,느타리버섯(기타느타리버섯),1kg,750,15
07/13 04:08:20,느타리버섯(기타느타리버섯),1kg,100,410
07/13 04:08:14,느타리버섯(기타느타리버섯),1kg,100,400
07/13 04:08:09,느타리버섯(기타느타리버섯),1kg,100,400
07/13 04:04:42,느타리버섯(느타리버섯(일반)),1kg,3050,4
07/13 04:04:36,느타리버섯(느타리버섯(일반)),1kg,4475,5
07/13 04:04:27,느타리버섯(느타리버섯(일반)),1kg,7225,4
07/13 04:04:23,느타리버섯(느타리버섯(일반)),1kg,7225,4
07/13 04:04:17,느타리버섯(느타리버섯(일반)),1kg,7625,3
07/13 04:04:09,느타리버섯(느타리버섯(일반)),1kg,7575,4
07/13 03:38:16,느타리버섯(기타느타리버섯),1kg,3500,10
07/13 03:38:04,느타리버섯(기타느타리버섯),1kg,4750,11
07/13 03:37:59,느타리버섯(기타느타리버섯),1kg,6200,11
07/13 03:37:55,느타리버섯(기타느타리버섯),1kg,6375,11
07/13 03:37:50,느타리버섯(기타느타리버섯),1kg,6750,14
07/13 03:37:39,느타리버섯(기타느타리버섯),1kg,3300,3
07/13 03:37:33,느타리버섯(기타느타리버섯),1kg,5250,1
07/13 03:37:29,느타리버섯(기타느타리버섯),1kg,5500,1
07/13 03:37:23,느타리버섯(기타느타리버섯),1kg,6000,1
07/13 03:37:10,느타리버섯(기타느타리버섯),1kg,4700,14
07/13 03:37:04,느타리버섯(기타느타리버섯),1kg,6150,7
07/13 03:36:58,느타리버섯(기타느타리버섯),1kg,8500,11
07/13 03:36:49,느타리버섯(기타느타리버섯),1kg,4000,5
07/13 03:36:42,느타리버섯(기타느타리버섯),1kg,4400,5
07/13 03:36:37,느타리버섯(기타느타리버섯),1kg,4750,9
07/13 03:36:31,느타리버섯(기타느타리버섯),1kg,5575,3
07/13 03:36:25,느타리버섯(기타느타리버섯),1kg,7000,2
07/13 03:36:16,느타리버섯(기타느타리버섯),1kg,3000,13
07/13 03:35:46,느타리버섯(기타느타리버섯),1kg,4250,10
07/13 03:35:41,느타리버섯(느타리버섯(일반)),1kg,5625,14
07/13 03:35:40,느타리버섯(기타느타리버섯),1kg,11500,10
07/13 03:35:38,느타리버섯(기타느타리버섯),1kg,11500,10
07/13 03:35:37,느타리버섯(기타느타리버섯),1kg,11500,10
07/13 03:35:34,느타리버섯(기타느타리버섯),1kg,11250,10
07/13 03:35:33,느타리버섯(느타리버섯(일반)),1kg,5700,15
07/13 03:35:29,느타리버섯(느타리버섯(일반)),1kg,8575,3
07/13 03:35:23,느타리버섯(느타리버섯(일반)),1kg,9175,2
07/13 03:29:42,느타리버섯(기타느타리버섯),1kg,4750,5
07/13 03:29:42,느타리버섯(기타느타리버섯),1kg,4750,5
07/13 03:29:42,느타리버섯(기타느타리버섯),1kg,4750,10
07/13 03:29:22,느타리버섯(애느타리),1kg,500,30
07/13 03:29:20,느타리버섯(애느타리),1kg,500,40
07/13 03:29:07,느타리버섯(애느타리),1kg,500,40
07/13 03:29:06,느타리버섯(애느타리),1kg,500,40
07/13 03:28:55,느타리버섯(애느타리),1kg,90,400
07/13 03:28:53,느타리버섯(애느타리),1kg,90,400
07/13 03:28:52,느타리버섯(애느타리),1kg,90,400
07/13 03:28:51,느타리버섯(애느타리),1kg,90,400
07/13 03:28:50,느타리버섯(애느타리),1kg,90,400
07/13 03:28:49,느타리버섯(애느타리),1kg,90,400
07/13 03:28:48,느타리버섯(애느타리),1kg,90,400
07/13 03:28:47,느타리버섯(애느타리),1kg,90,400
07/13 03:28:46,느타리버섯(애느타리),1kg,90,400
07/13 03:28:45,느타리버섯(애느타리),1kg,90,400
07/13 03:28:44,느타리버섯(애느타리),1kg,90,400
07/13 03:28:43,느타리버섯(애느타리),1kg,90,400
07/13 03:28:42,느타리버섯(애느타리),1kg,90,400
07/13 03:28:40,느타리버섯(애느타리),1kg,90,400
07/13 03:28:37,느타리버섯(애느타리),1kg,90,400
07/13 03:28:31,느타리버섯(애느타리),1kg,900,40
07/13 03:28:23,느타리버섯(애느타리),1kg,900,40
07/13 03:28:21,느타리버섯(애느타리),1kg,900,40
07/13 03:27:56,느타리버섯(애느타리),1kg,900,40
07/13 03:27:40,느타리버섯(애느타리),1kg,900,40
07/13 03:27:26,느타리버섯(애느타리),1kg,900,40
07/13 03:27:08,느타리버섯(애느타리),1kg,900,40
07/13 03:27:07,느타리버섯(애느타리),1kg,900,40
07/13 03:27:06,느타리버섯(애느타리),1kg,900,40
07/13 03:27:02,느타리버섯(애느타리),1kg,900,40
07/13 03:26:54,느타리버섯(애느타리),1kg,80,400
07/13 03:26:53,느타리버섯(애느타리),1kg,80,400
07/13 03:26:52,느타리버섯(애느타리),1kg,80,400
07/13 03:26:51,느타리버섯(애느타리),1kg,80,400
07/13 03:26:50,느타리버섯(애느타리),1kg,80,400
07/13 03:26:49,느타리버섯(애느타리),1kg,80,400
07/13 03:26:47,느타리버섯(애느타리),1kg,80,400
07/13 03:26:46,느타리버섯(애느타리),1kg,80,400
07/13 03:26:45,느타리버섯(애느타리),1kg,80,400
07/13 03:26:44,느타리버섯(애느타리),1kg,80,400
07/13 03:26:08,느타리버섯(애느타리),1kg,750,20
07/13 03:26:02,느타리버섯(애느타리),1kg,1050,28
07/13 03:25:58,느타리버섯(애느타리),1kg,1150,40
07/13 03:25:56,느타리버섯(애느타리),1kg,1150,40
07/13 03:25:55,느타리버섯(애느타리),1kg,1050,40
07/13 03:25:53,느타리버섯(애느타리),1kg,1100,40
07/13 03:25:52,느타리버섯(애느타리),1kg,1000,40
07/13 03:25:51,느타리버섯(애느타리),1kg,1000,40
07/13 03:25:50,느타리버섯(애느타리),1kg,1000,40
07/13 03:25:44,느타리버섯(애느타리),1kg,100,410
07/13 03:25:41,느타리버섯(애느타리),1kg,105,400
07/13 03:25:34,느타리버섯(애느타리),1kg,105,400
07/13 03:18:56,느타리버섯(기타느타리버섯),1kg,1250,10
07/13 03:18:56,느타리버섯(기타느타리버섯),1kg,275,120
07/13 03:07:26,느타리버섯(기타느타리버섯),1kg,3250,12
07/13 03:07:21,느타리버섯(기타느타리버섯),1kg,4000,12
07/13 03:07:14,느타리버섯(기타느타리버섯),1kg,5250,20
07/13 03:02:50,느타리버섯(느타리버섯(일반)),1kg,2750,13
07/13 03:02:37,느타리버섯(기타느타리버섯),1kg,1250,10
07/13 03:01:55,느타리버섯(기타느타리버섯),1kg,2000,15
07/13 03:01:54,느타리버섯(기타느타리버섯),1kg,2000,15
07/13 02:48:56,느타리버섯(느타리버섯),1kg,650,20
07/13 02:48:54,느타리버섯(느타리버섯),1kg,650,20
07/13 02:48:53,느타리버섯(느타리버섯),1kg,650,20
07/13 02:48:51,느타리버섯(느타리버섯),1kg,650,20
07/13 02:48:42,느타리버섯(느타리버섯),1kg,650,20
07/13 02:47:25,느타리버섯(느타리버섯),1kg,4375,4
07/13 02:47:21,느타리버섯(느타리버섯),1kg,3000,6
07/13 02:47:16,느타리버섯(느타리버섯),1kg,4250,3
07/13 02:47:12,느타리버섯(느타리버섯),1kg,5000,2
07/13 02:46:56,느타리버섯(느타리버섯),1kg,6300,3
07/13 02:46:21,느타리버섯(느타리버섯),1kg,1350,20
07/13 02:46:20,느타리버섯(느타리버섯),1kg,1350,20
07/13 02:46:17,느타리버섯(느타리버섯),1kg,1300,20
07/13 02:46:16,느타리버섯(느타리버섯),1kg,1250,30
07/13 02:46:13,느타리버섯(느타리버섯),1kg,1250,30
07/13 02:46:00,느타리버섯(느타리버섯),1kg,130,170
07/13 02:45:55,느타리버섯(느타리버섯),1kg,130,170
07/13 02:44:19,느타리버섯(느타리버섯),1kg,2875,7
07/13 02:43:56,느타리버섯(느타리버섯),1kg,4000,8
07/13 02:39:39,느타리버섯(기타느타리버섯),1kg,2500,10
07/13 02:37:56,느타리버섯(기타느타리버섯),1kg,2500,6
07/13 02:37:56,느타리버섯(기타느타리버섯),1kg,3000,10
07/13 02:32:20,느타리버섯(애느타리),1kg,1650,20
07/13 02:32:17,느타리버섯(애느타리),1kg,1650,20
07/13 02:32:14,느타리버섯(애느타리),1kg,1650,30
07/13 02:32:11,느타리버섯(애느타리),1kg,1650,30
07/13 02:32:09,느타리버섯(애느타리),1kg,1650,30
07/13 02:32:05,느타리버섯(애느타리),1kg,1600,30
07/13 02:32:02,느타리버섯(애느타리),1kg,1550,30
07/13 02:31:58,느타리버섯(애느타리),1kg,1500,30
07/13 02:31:42,느타리버섯(애느타리),1kg,150,210
07/13 02:31:37,느타리버섯(애느타리),1kg,150,200
07/13 02:31:33,느타리버섯(애느타리),1kg,145,200
07/13 02:31:30,느타리버섯(애느타리),1kg,145,200
07/13 02:31:27,느타리버섯(애느타리),1kg,145,200
07/13 02:31:11,느타리버섯(애느타리),1kg,140,200
07/13 02:26:46,느타리버섯(느타리버섯(일반)),1kg,1750,20
07/13 02:26:23,느타리버섯(느타리버섯(일반)),1kg,2050,40
07/13 02:26:05,느타리버섯(느타리버섯(일반)),1kg,4000,16
07/13 02:09:24,느타리버섯(느타리버섯(일반)),1kg,1250,5
07/13 02:09:14,느타리버섯(느타리버섯(일반)),1kg,2300,8
07/13 02:09:06,느타리버섯(느타리버섯(일반)),1kg,1250,2
07/13 02:08:52,느타리버섯(느타리버섯(일반)),1kg,2750,2
07/13 02:08:39,느타리버섯(느타리버섯(일반)),1kg,4500,21
